-93.1125,2.83395e-05
-93.075,3.56717e-05
-93.0375,4.66586e-05
-93.0,4.18917e-05
-92.9625,4.48988e-05
-92.925,6.60507e-05
-92.8875,6.73726e-05
-92.85,4.52899e-05
-92.8125,4.07074e-05
-92.775,4.88e-05
-92.7375,4.05896e-05
-92.7,2.8956e-05
-92.6625,3.38789e-05
-92.625,5.95003e-05
-92.5875,0.00010096
-92.55,0.000124813
-92.5125,0.000109069
-92.475,9.68735e-05
-92.4375,0.000128363
-92.4,0.000159031
-92.3625,0.000135135
-92.325,9.13414e-05
-92.2875,8.02983e-05
-92.25,9.35069e-05
-92.2125,0.000108943
-92.175,0.000117203
-92.1375,0.000111317
-92.1,0.00010066
-92.0625,8.63803e-05
-92.025,5.78221e-05
-91.9875,3.88157e-05
-91.95,5.83151e-05
-91.9125,9.48755e-05
-91.875,0.000110836
-91.8375,0.000108992
-91.8,0.000122763
-91.7625,0.000153227
-91.725,0.000153531
-91.6875,0.000107767
-91.65,6.78332e-05
-91.6125,7.4924e-05
-91.575,0.000106175
-91.5375,0.000116107
-91.5,8.89787e-05
-91.4625,5.50919e-05
-91.425,5.55068e-05
-91.3875,7.61965e-05
-91.35,6.88462e-05
-91.3125,4.33856e-05
-91.275,4.97175e-05
-91.2375,7.95869e-05
-91.2,8.55883e-05
-91.1625,7.05414e-05
-91.125,7.08719e-05
-91.0875,8.30253e-05
-91.05,7.87611e-05
-91.0125,6.2225e-05
-90.975,5.36513e-05
-90.9375,5.65579e-05
-90.9,7.38455e-05
-90.8625,9.9497e-05
-90.825,0.000109838
-90.7875,0.000108783
-90.75,0.000115817
-90.7125,0.000117863
-90.675,0.000100984
-90.6375,7.59443e-05
-90.6,5.41827e-05
-90.5625,4.11249e-05
-90.525,3.9174e-05
-90.4875,5.06649e-05
-90.45,7.03619e-05
-90.4125,7.51197e-05
-90.375,5.82212e-05
-90.3375,4.76145e-05
-90.3,5.44485e-05
-90.2625,5.63265e-05
-90.225,4.87383e-05
-90.1875,5.38258e-05
-90.15,7.27235e-05
-90.1125,7.82696e-05
-90.075,6.22082e-05
-90.0375,4.98182e-05
-90.0,5.31571e-05
-89.9625,5.80811e-05
-89.925,6.66037e-05
-89.8875,9.08903e-05
-89.85,0.000120327
-89.8125,0.00013967
-89.775,0.000141821
-89.7375,0.000119758
-89.7,8.175e-05
-89.6625,4.99075e-05
-89.625,3.87814e-05
-89.5875,5.0935e-05
-89.55,6.66085e-05
-89.5125,5.39885e-05
-89.475,2.43459e-05
-89.4375,2.98952e-05
-89.4,7.60238e-05
-89.3625,0.00010341
-89.325,8.40402e-05
-89.2875,5.38754e-05
-89.25,4.0661e-05
-89.2125,3.44148e-05
-89.175,2.22448e-05
-89.1375,1.33432e-05
-89.1,2.31868e-05
-89.0625,3.9422e-05
-89.025,4.32299e-05
-88.9875,4.68054e-05
-88.95,5.73607e-05
-88.9125,5.76465e-05
-88.875,4.61044e-05
-88.8375,3.8724e-05
-88.8,4.62099e-05
-88.7625,6.38047e-05
-88.725,6.95254e-05
-88.6875,5.89408e-05
-88.65,5.80716e-05
-88.6125,7.8712e-05
-88.575,9.94244e-05
-88.5375,9.36443e-05
-88.5,6.5618e-05
-88.4625,4.41198e-05
-88.425,3.4337e-05
-88.3875,2.5763e-05
-88.35,2.59376e-05
-88.3125,3.10789e-05
-88.275,3.00918e-05
-88.2375,4.07682e-05
-88.2,6.31755e-05
-88.1625,7.36531e-05
-88.125,9.46023e-05
-88.0875,0.000136443
-88.05,0.000132245
-88.0125,6.90593e-05
-87.975,4.08302e-05
-87.9375,8.43527e-05
-87.9,0.000135666
-87.8625,0.000149115
-87.825,0.000124824
-87.7875,8.16239e-05
-87.75,5.01766e-05
-87.7125,3.77859e-05
-87.675,2.97072e-05
-87.6375,2.59001e-05
-87.6,3.21479e-05
-87.5625,4.3247e-05
-87.525,5.08643e-05
-87.4875,5.52747e-05
-87.45,6.24239e-05
-87.4125,6.64918e-05
-87.375,5.94771e-05
-87.3375,4.83511e-05
-87.3,4.56524e-05
-87.2625,5.83232e-05
-87.225,6.84647e-05
-87.1875,5.09186e-05
-87.15,3.03005e-05
-87.1125,4.39244e-05
-87.075,6.92592e-05
-87.0375,6.64828e-05
-87.0,4.82364e-05
-86.9625,5.45204e-05
-86.925,7.92973e-05
-86.8875,7.7077e-05
-86.85,4.62513e-05
-86.8125,3.17703e-05
-86.775,4.56277e-05
-86.7375,5.47999e-05
-86.7,4.39609e-05
-86.6625,3.75824e-05
-86.625,5.31558e-05
-86.5875,7.72715e-05
-86.55,8.85244e-05
-86.5125,7.92213e-05
-86.475,7.61859e-05
-86.4375,0.000107079
-86.4,0.000134405
-86.3625,0.000114689
-86.325,7.89693e-05
-86.2875,6.37433e-05
-86.25,5.51231e-05
-86.2125,3.94211e-05
-86.175,2.80912e-05
-86.1375,3.31892e-05
-86.1,4.81814e-05
-86.0625,5.96231e-05
-86.025,6.40618e-05
-85.9875,5.70779e-05
-85.95,4.46874e-05
-85.9125,4.66206e-05
-85.875,5.36723e-05
-85.8375,4.62635e-05
-85.8,3.33519e-05
-85.7625,2.37607e-05
-85.725,2.75743e-05
-85.6875,6.73554e-05
-85.65,0.000124664
-85.6125,0.000142285
-85.575,0.000106967
-85.5375,6.32004e-05
-85.5,4.66056e-05
-85.4625,5.05028e-05
-85.425,5.24296e-05
-85.3875,4.3339e-05
-85.35,2.86697e-05
-85.3125,1.87264e-05
-85.275,2.0845e-05
-85.2375,3.48382e-05
-85.2,5.17389e-05
-85.1625,5.78588e-05
-85.125,5.04638e-05
-85.0875,3.64168e-05
-85.05,2.22311e-05
-85.0125,2.93235e-05
-84.975,6.50048e-05
-84.9375,8.67146e-05
-84.9,7.52691e-05
-84.8625,6.4722e-05
-84.825,6.11673e-05
-84.7875,4.88034e-05
-84.75,3.83589e-05
-84.7125,3.85573e-05
-84.675,4.8082e-05
-84.6375,6.3807e-05
-84.6,6.77498e-05
-84.5625,5.32183e-05
-84.525,4.29396e-05
-84.4875,4.77619e-05
-84.45,4.32609e-05
-84.4125,2.15445e-05
-84.375,1.99505e-05
-84.3375,4.51853e-05
-84.3,5.28669e-05
-84.2625,3.36627e-05
-84.225,1.89652e-05
-84.1875,2.26852e-05
-84.15,3.28279e-05
-84.1125,3.59394e-05
-84.075,3.98117e-05
-84.0375,5.32911e-05
-84.0,6.85648e-05
-83.9625,8.07055e-05
-83.925,8.02365e-05
-83.8875,6.6168e-05
-83.85,7.13668e-05
-83.8125,0.000107925
-83.775,0.000132715
-83.7375,0.000105849
-83.7,5.13783e-05
-83.6625,4.01626e-05
-83.625,9.10021e-05
-83.5875,0.000140257
-83.55,0.000148383
-83.5125,0.000142883
-83.475,0.000147792
-83.4375,0.00015662
-83.4,0.000152122
-83.3625,0.000122965
-83.325,8.93734e-05
-83.2875,8.84549e-05
-83.25,0.000111378
-83.2125,0.000113345
-83.175,9.33019e-05
-83.1375,7.60485e-05
-83.1,5.32694e-05
-83.0625,3.04312e-05
-83.025,3.27397e-05
-82.9875,4.05129e-05
-82.95,3.42032e-05
-82.9125,3.57651e-05
-82.875,4.31155e-05
-82.8375,3.11469e-05
-82.8,1.2963e-05
-82.7625,1.55703e-05
-82.725,2.50055e-05
-82.6875,1.7611e-05
-82.65,1.20623e-05
-82.6125,2.53937e-05
-82.575,3.6511e-05
-82.5375,3.93779e-05
-82.5,4.44901e-05
-82.4625,4.19662e-05
-82.425,3.44401e-05
-82.3875,4.7722e-05
-82.35,8.17413e-05
-82.3125,9.4753e-05
-82.275,6.35441e-05
-82.2375,4.60571e-05
-82.2,9.66524e-05
-82.1625,0.000149324
-82.125,0.000123155
-82.0875,5.87785e-05
-82.05,2.74579e-05
-82.0125,2.4936e-05
-81.975,2.47103e-05
-81.9375,2.97605e-05
-81.9,3.93243e-05
-81.8625,3.67079e-05
-81.825,3.21093e-05
-81.7875,5.22603e-05
-81.75,7.68489e-05
-81.7125,7.53972e-05
-81.675,7.26134e-05
-81.6375,7.95487e-05
-81.6,6.29226e-05
-81.5625,3.25549e-05
-81.525,2.83569e-05
-81.4875,4.54151e-05
-81.45,5.90203e-05
-81.4125,6.22118e-05
-81.375,5.29119e-05
-81.3375,3.16933e-05
-81.3,1.77812e-05
-81.2625,3.174e-05
-81.225,5.3627e-05
-81.1875,4.99899e-05
-81.15,3.01502e-05
-81.1125,1.73879e-05
-81.075,1.42844e-05
-81.0375,2.26649e-05
-81.0,3.97391e-05
-80.9625,5.42803e-05
-80.925,6.99827e-05
-80.8875,9.16448e-05
-80.85,0.000101898
-80.8125,8.4484e-05
-80.775,5.64308e-05
-80.7375,4.61449e-05
-80.7,4.37593e-05
-80.6625,3.24993e-05
-80.625,3.109e-05
-80.5875,3.77593e-05
-80.55,2.9392e-05
-80.5125,2.03519e-05
-80.475,2.93216e-05
-80.4375,5.54283e-05
-80.4,9.37016e-05
-80.3625,0.000120021
-80.325,0.000125617
-80.2875,0.000141465
-80.25,0.00017114
-80.2125,0.000173692
-80.175,0.000131968
-80.1375,7.86334e-05
-80.1,5.21281e-05
-80.0625,5.40768e-05
-80.025,5.53202e-05
-79.9875,4.30125e-05
-79.95,4.54383e-05
-79.9125,7.30471e-05
-79.875,7.87464e-05
-79.8375,4.37558e-05
-79.8,1.86027e-05
-79.7625,3.46804e-05
-79.725,7.20422e-05
-79.6875,0.000101504
-79.65,0.000108448
-79.6125,0.000106015
-79.575,0.000106325
-79.5375,9.27877e-05
-79.5,6.4406e-05
-79.4625,4.90579e-05
-79.425,5.04447e-05
-79.3875,4.53535e-05
-79.35,3.53309e-05
-79.3125,3.75816e-05
-79.275,4.26711e-05
-79.2375,4.22317e-05
-79.2,4.30994e-05
-79.1625,4.62226e-05
-79.125,6.42422e-05
-79.0875,9.20719e-05
-79.05,9.15897e-05
-79.0125,6.92563e-05
-78.975,6.24715e-05
-78.9375,6.99419e-05
-78.9,7.5988e-05
-78.8625,7.75519e-05
-78.825,8.31407e-05
-78.7875,0.000103574
-78.75,0.000119829
-78.7125,0.000106235
-78.675,7.92744e-05
-78.6375,6.42475e-05
-78.6,5.1987e-05
-78.5625,3.25318e-05
-78.525,2.61955e-05
-78.4875,4.31873e-05
-78.45,5.79764e-05
-78.4125,5.2188e-05
-78.375,3.97009e-05
-78.3375,3.96023e-05
-78.3,4.841e-05
-78.2625,5.87915e-05
-78.225,9.2769e-05
-78.1875,0.000146249
-78.15,0.000151978
-78.1125,9.39828e-05
-78.075,4.07749e-05
-78.0375,2.32342e-05
-78.0,2.13808e-05
-77.9625,2.58955e-05
-77.925,2.91995e-05
-77.8875,3.28139e-05
-77.85,4.86052e-05
-77.8125,6.03046e-05
-77.775,5.11224e-05
-77.7375,3.4195e-05
-77.7,2.18853e-05
-77.6625,2.76371e-05
-77.625,5.26843e-05
-77.5875,5.58299e-05
-77.55,3.20801e-05
-77.5125,3.4591e-05
-77.475,5.29496e-05
-77.4375,4.33674e-05
-77.4,5.45555e-05
-77.3625,0.000132077
-77.325,0.000197466
-77.2875,0.000169863
-77.25,9.39921e-05
-77.2125,5.23024e-05
-77.175,4.63351e-05
-77.1375,4.02917e-05
-77.1,3.93523e-05
-77.0625,5.47448e-05
-77.025,6.64976e-05
-76.9875,6.75463e-05
-76.95,7.63683e-05
-76.9125,9.26268e-05
-76.875,9.7036e-05
-76.8375,8.27427e-05
-76.8,5.56549e-05
-76.7625,3.09288e-05
-76.725,2.32169e-05
-76.6875,2.31686e-05
-76.65,1.98698e-05
-76.6125,2.90655e-05
-76.575,5.61905e-05
-76.5375,7.16923e-05
-76.5,5.42046e-05
-76.4625,2.867e-05
-76.425,4.18742e-05
-76.3875,0.000100437
-76.35,0.000145934
-76.3125,0.000123904
-76.275,6.82644e-05
-76.2375,6.06411e-05
-76.2,0.000117851
-76.1625,0.000173912
-76.125,0.000169832
-76.0875,0.000124458
-76.05,8.38246e-05
-76.0125,4.97788e-05
-75.975,2.37143e-05
-75.9375,2.52734e-05
-75.9,3.38216e-05
-75.8625,2.79444e-05
-75.825,3.03101e-05
-75.7875,4.73777e-05
-75.75,6.90417e-05
-75.7125,9.89559e-05
-75.675,0.00011838
-75.6375,0.000106374
-75.6,8.06272e-05
-75.5625,5.77623e-05
-75.525,3.86781e-05
-75.4875,3.13964e-05
-75.45,3.63043e-05
-75.4125,4.2902e-05
-75.375,4.93295e-05
-75.3375,5.63095e-05
-75.3,5.54729e-05
-75.2625,4.57074e-05
-75.225,4.67683e-05
-75.1875,5.99255e-05
-75.15,5.19468e-05
-75.1125,2.55752e-05
-75.075,2.31123e-05
-75.0375,4.41597e-05
-75.0,5.78926e-05
-74.9625,5.81093e-05
-74.925,5.00269e-05
-74.8875,3.95639e-05
-74.85,3.53057e-05
-74.8125,3.69275e-05
-74.775,4.42294e-05
-74.7375,6.0024e-05
-74.7,7.30434e-05
-74.6625,7.66458e-05
-74.625,8.93929e-05
-74.5875,0.000112805
-74.55,0.000118452
-74.5125,0.000104338
-74.475,8.69814e-05
-74.4375,6.32747e-05
-74.4,4.16483e-05
-74.3625,3.66581e-05
-74.325,3.91933e-05
-74.2875,4.72254e-05
-74.25,5.62739e-05
-74.2125,4.31372e-05
-74.175,2.0136e-05
-74.1375,2.15375e-05
-74.1,4.11299e-05
-74.0625,5.50898e-05
-74.025,5.93404e-05
-73.9875,6.27702e-05
-73.95,6.52435e-05
-73.9125,5.01263e-05
-73.875,2.57285e-05
-73.8375,2.56374e-05
-73.8,4.30695e-05
-73.7625,4.78543e-05
-73.725,3.98418e-05
-73.6875,2.93305e-05
-73.65,2.21108e-05
-73.6125,2.10493e-05
-73.575,2.29633e-05
-73.5375,3.73351e-05
-73.5,6.95838e-05
-73.4625,9.05167e-05
-73.425,7.72873e-05
-73.3875,4.99751e-05
-73.35,3.58881e-05
-73.3125,3.90555e-05
-73.275,5.48793e-05
-73.2375,8.1298e-05
-73.2,0.000105244
-73.1625,0.00010143
-73.125,7.06472e-05
-73.0875,5.1875e-05
-73.05,5.9377e-05
-73.0125,6.2833e-05
-72.975,5.40428e-05
-72.9375,5.3445e-05
-72.9,5.73592e-05
-72.8625,5.22376e-05
-72.825,4.68055e-05
-72.7875,4.44828e-05
-72.75,3.52536e-05
-72.7125,2.72423e-05
-72.675,3.3061e-05
-72.6375,4.56402e-05
-72.6,5.59535e-05
-72.5625,6.1561e-05
-72.525,6.20476e-05
-72.4875,6.17743e-05
-72.45,6.46727e-05
-72.4125,6.2578e-05
-72.375,4.35765e-05
-72.3375,2.44041e-05
-72.3,2.97608e-05
-72.2625,3.94299e-05
-72.225,3.20468e-05
-72.1875,3.40929e-05
-72.15,5.9763e-05
-72.1125,7.62686e-05
-72.075,5.87618e-05
-72.0375,3.1121e-05
-72.0,3.05802e-05
-71.9625,4.84406e-05
-71.925,5.54041e-05
-71.8875,5.60024e-05
-71.85,5.52783e-05
-71.8125,4.29199e-05
-71.775,3.31246e-05
-71.7375,3.77778e-05
-71.7,3.94778e-05
-71.6625,3.38895e-05
-71.625,3.53732e-05
-71.5875,4.95141e-05
-71.55,7.40543e-05
-71.5125,9.34798e-05
-71.475,8.73752e-05
-71.4375,6.76542e-05
-71.4,6.03452e-05
-71.3625,6.25955e-05
-71.325,6.74741e-05
-71.2875,8.24877e-05
-71.25,0.00010025
-71.2125,0.000103024
-71.175,8.41856e-05
-71.1375,5.32694e-05
-71.1,3.70276e-05
-71.0625,4.26402e-05
-71.025,4.47711e-05
-70.9875,3.79561e-05
-70.95,3.53403e-05
-70.9125,3.61983e-05
-70.875,4.0313e-05
-70.8375,4.54741e-05
-70.8,4.39207e-05
-70.7625,3.89967e-05
-70.725,3.5047e-05
-70.6875,3.29585e-05
-70.65,3.49086e-05
-70.6125,3.99788e-05
-70.575,5.0075e-05
-70.5375,6.13535e-05
-70.5,5.85799e-05
-70.4625,4.70561e-05
-70.425,5.32467e-05
-70.3875,7.4474e-05
-70.35,8.24996e-05
-70.3125,7.45896e-05
-70.275,6.60578e-05
-70.2375,7.39145e-05
-70.2,0.000114467
-70.1625,0.000151337
-70.125,0.000129242
-70.0875,8.22257e-05
-70.05,6.98415e-05
-70.0125,6.99393e-05
-69.975,5.06558e-05
-69.9375,3.79336e-05
-69.9,4.89268e-05
-69.8625,5.23258e-05
-69.825,2.91691e-05
-69.7875,1.07553e-05
-69.75,2.72849e-05
-69.7125,5.91605e-05
-69.675,6.8916e-05
-69.6375,6.20008e-05
-69.6,6.86879e-05
-69.5625,7.65405e-05
-69.525,5.66305e-05
-69.4875,2.73406e-05
-69.45,1.85203e-05
-69.4125,2.86932e-05
-69.375,4.70628e-05
-69.3375,6.14203e-05
-69.3,5.87842e-05
-69.2625,4.41675e-05
-69.225,3.50639e-05
-69.1875,3.92737e-05
-69.15,4.9585e-05
-69.1125,6.0771e-05
-69.075,8.1072e-05
-69.0375,0.000100696
-69.0,8.44296e-05
-68.9625,4.37309e-05
-68.925,4.05373e-05
-68.8875,7.3524e-05
-68.85,7.51346e-05
-68.8125,4.29571e-05
-68.775,4.21822e-05
-68.7375,8.37117e-05
-68.7,0.000111155
-68.6625,9.57351e-05
-68.625,7.37188e-05
-68.5875,8.08734e-05
-68.55,0.000100289
-68.5125,0.000104346
-68.475,9.10245e-05
-68.4375,6.82706e-05
-68.4,4.98916e-05
-68.3625,4.18941e-05
-68.325,3.56637e-05
-68.2875,4.17211e-05
-68.25,7.44656e-05
-68.2125,0.000104141
-68.175,9.44284e-05
-68.1375,6.14291e-05
-68.1,3.87316e-05
-68.0625,2.73095e-05
-68.025,2.01186e-05
-67.9875,2.95731e-05
-67.95,6.21776e-05
-67.9125,9.2071e-05
-67.875,8.74973e-05
-67.8375,5.78867e-05
-67.8,3.7092e-05
-67.7625,3.76602e-05
-67.725,5.60654e-05
-67.6875,8.0162e-05
-67.65,8.69151e-05
-67.6125,7.31871e-05
-67.575,6.45463e-05
-67.5375,7.62696e-05
-67.5,9.06273e-05
-67.4625,9.34453e-05
-67.425,0.00010904
-67.3875,0.000141819
-67.35,0.000145042
-67.3125,0.000108651
-67.275,7.14641e-05
-67.2375,5.61008e-05
-67.2,7.16896e-05
-67.1625,0.000100378
-67.125,9.98847e-05
-67.0875,7.50334e-05
-67.05,5.79784e-05
-67.0125,5.19056e-05
-66.975,5.97168e-05
-66.9375,8.29797e-05
-66.9,9.58682e-05
-66.8625,8.82207e-05
-66.825,8.56177e-05
-66.7875,9.75419e-05
-66.75,0.000104919
-66.7125,9.93418e-05
-66.675,8.63946e-05
-66.6375,7.04374e-05
-66.6,5.93401e-05
-66.5625,6.09684e-05
-66.525,7.30753e-05
-66.4875,7.77237e-05
-66.45,5.54918e-05
-66.4125,2.38154e-05
-66.375,1.9821e-05
-66.3375,3.85929e-05
-66.3,4.66255e-05
-66.2625,3.79258e-05
-66.225,3.13847e-05
-66.1875,3.24948e-05
-66.15,3.05538e-05
-66.1125,2.69692e-05
-66.075,2.99711e-05
-66.0375,3.74984e-05
-66.0,5.06952e-05
-65.9625,6.56613e-05
-65.925,6.94426e-05
-65.8875,6.81909e-05
-65.85,6.77231e-05
-65.8125,5.6639e-05
-65.775,4.38836e-05
-65.7375,5.02792e-05
-65.7,6.84468e-05
-65.6625,7.43309e-05
-65.625,6.29968e-05
-65.5875,5.14614e-05
-65.55,4.43813e-05
-65.5125,3.91029e-05
-65.475,4.54821e-05
-65.4375,4.42035e-05
-65.4,2.41098e-05
-65.3625,3.90526e-05
-65.325,8.86087e-05
-65.2875,0.000109141
-65.25,0.00011357
-65.2125,0.000117369
-65.175,8.55515e-05
-65.1375,5.08921e-05
-65.1,5.5647e-05
-65.0625,6.53866e-05
-65.025,5.78575e-05
-64.9875,4.84839e-05
-64.95,4.90886e-05
-64.9125,6.13681e-05
-64.875,6.75442e-05
-64.8375,6.34652e-05
-64.8,8.15267e-05
-64.7625,0.00013173
-64.725,0.000174348
-64.6875,0.00017021
-64.65,0.000128142
-64.6125,8.97449e-05
-64.575,7.83912e-05
-64.5375,9.1033e-05
-64.5,0.000107354
-64.4625,9.92254e-05
-64.425,8.02437e-05
-64.3875,8.57313e-05
-64.35,9.05035e-05
-64.3125,5.97728e-05
-64.275,2.81911e-05
-64.2375,2.75885e-05
-64.2,4.26659e-05
-64.1625,8.20619e-05
-64.125,0.000156277
-64.0875,0.000201734
-64.05,0.00016905
-64.0125,0.000113857
-63.975,8.95734e-05
-63.9375,7.33573e-05
-63.9,5.61752e-05
-63.8625,6.26543e-05
-63.825,7.6667e-05
-63.7875,6.93507e-05
-63.75,5.59084e-05
-63.7125,5.27951e-05
-63.675,5.01444e-05
-63.6375,4.03676e-05
-63.6,2.65565e-05
-63.5625,2.05572e-05
-63.525,2.68777e-05
-63.4875,3.11095e-05
-63.45,3.45949e-05
-63.4125,4.84455e-05
-63.375,5.36629e-05
-63.3375,4.1709e-05
-63.3,3.86155e-05
-63.2625,4.43178e-05
-63.225,3.96703e-05
-63.1875,4.23725e-05
-63.15,6.65456e-05
-63.1125,8.57624e-05
-63.075,8.61572e-05
-63.0375,7.3342e-05
-63.0,4.60931e-05
-62.9625,2.76151e-05
-62.925,4.27251e-05
-62.8875,6.53785e-05
-62.85,6.73266e-05
-62.8125,5.64383e-05
-62.775,4.48024e-05
-62.7375,3.58189e-05
-62.7,2.57137e-05
-62.6625,1.43883e-05
-62.625,1.66075e-05
-62.5875,3.86164e-05
-62.55,6.76728e-05
-62.5125,8.62286e-05
-62.475,8.58631e-05
-62.4375,8.37151e-05
-62.4,9.82747e-05
-62.3625,0.00011789
-62.325,0.000131005
-62.2875,0.000141496
-62.25,0.00014199
-62.2125,0.000123361
-62.175,9.59535e-05
-62.1375,7.15054e-05
-62.1,5.06504e-05
-62.0625,3.9591e-05
-62.025,4.71011e-05
-61.9875,6.34841e-05
-61.95,7.06134e-05
-61.9125,6.59825e-05
-61.875,5.94713e-05
-61.8375,5.29855e-05
-61.8,3.9551e-05
-61.7625,2.34084e-05
-61.725,1.78823e-05
-61.6875,2.40434e-05
-61.65,3.09787e-05
-61.6125,3.12999e-05
-61.575,3.06806e-05
-61.5375,3.56803e-05
-61.5,3.58923e-05
-61.4625,2.83374e-05
-61.425,3.72808e-05
-61.3875,7.0148e-05
-61.35,9.11016e-05
-61.3125,6.97121e-05
-61.275,2.98473e-05
-61.2375,1.79712e-05
-61.2,2.89917e-05
-61.1625,2.82523e-05
-61.125,3.31524e-05
-61.0875,6.51333e-05
-61.05,8.03164e-05
-61.0125,5.64099e-05
-60.975,3.20439e-05
-60.9375,2.41681e-05
-60.9,3.99703e-05
-60.8625,9.48319e-05
-60.825,0.0001437
-60.7875,0.000134844
-60.75,0.000101579
-60.7125,8.85795e-05
-60.675,8.30109e-05
-60.6375,6.24375e-05
-60.6,3.58789e-05
-60.5625,2.66298e-05
-60.525,3.28583e-05
-60.4875,3.45021e-05
-60.45,3.74362e-05
-60.4125,4.95706e-05
-60.375,4.96676e-05
-60.3375,3.84307e-05
-60.3,4.28474e-05
-60.2625,5.79133e-05
-60.225,6.05528e-05
-60.1875,4.75867e-05
-60.15,3.11493e-05
-60.1125,2.78755e-05
-60.075,3.77347e-05
-60.0375,4.04258e-05
-60.0,2.96332e-05
-59.9625,2.08941e-05
-59.925,2.459e-05
-59.8875,3.37465e-05
-59.85,3.82062e-05
-59.8125,3.84266e-05
-59.775,3.63984e-05
-59.7375,2.821e-05
-59.7,1.96036e-05
-59.6625,2.56536e-05
-59.625,4.46994e-05
-59.5875,5.95841e-05
-59.55,6.35013e-05
-59.5125,6.51163e-05
-59.475,7.42324e-05
-59.4375,8.56575e-05
-59.4,8.59668e-05
-59.3625,7.58421e-05
-59.325,6.19016e-05
-59.2875,4.81147e-05
-59.25,4.40186e-05
-59.2125,4.59954e-05
-59.175,3.89513e-05
-59.1375,2.60766e-05
-59.1,1.79171e-05
-59.0625,2.31799e-05
-59.025,4.51786e-05
-58.9875,5.69874e-05
-58.95,4.0861e-05
-58.9125,2.77658e-05
-58.875,3.42728e-05
-58.8375,4.04634e-05
-58.8,4.22619e-05
-58.7625,4.41722e-05
-58.725,4.12574e-05
-58.6875,4.0728e-05
-58.65,4.89604e-05
-58.6125,5.73039e-05
-58.575,6.28248e-05
-58.5375,6.62311e-05
-58.5,6.79069e-05
-58.4625,7.81535e-05
-58.425,9.31957e-05
-58.3875,8.96108e-05
-58.35,6.83125e-05
-58.3125,5.02499e-05
-58.275,3.59101e-05
-58.2375,1.9335e-05
-58.2,1.21167e-05
-58.1625,2.54821e-05
-58.125,4.49769e-05
-58.0875,4.316e-05
-58.05,3.09728e-05
-58.0125,4.24735e-05
-57.975,6.04062e-05
-57.9375,5.66054e-05
-57.9,5.62004e-05
-57.8625,6.8963e-05
-57.825,6.90081e-05
-57.7875,5.8853e-05
-57.75,4.65725e-05
-57.7125,3.01694e-05
-57.675,2.93011e-05
-57.6375,4.20192e-05
-57.6,3.77719e-05
-57.5625,2.51445e-05
-57.525,2.76681e-05
-57.4875,3.30285e-05
-57.45,2.8438e-05
-57.4125,1.99883e-05
-57.375,1.46507e-05
-57.3375,2.54117e-05
-57.3,5.45404e-05
-57.2625,7.24457e-05
-57.225,5.99389e-05
-57.1875,3.62898e-05
-57.15,2.30438e-05
-57.1125,2.61464e-05
-57.075,4.42925e-05
-57.0375,6.36892e-05
-57.0,6.63631e-05
-56.9625,5.14102e-05
-56.925,3.30658e-05
-56.8875,2.45594e-05
-56.85,3.1811e-05
-56.8125,4.37414e-05
-56.775,3.64809e-05
-56.7375,2.34783e-05
-56.7,4.4085e-05
-56.6625,7.09444e-05
-56.625,5.13897e-05
-56.5875,2.12184e-05
-56.55,3.05498e-05
-56.5125,5.13278e-05
-56.475,6.15155e-05
-56.4375,7.65907e-05
-56.4,8.1116e-05
-56.3625,6.33627e-05
-56.325,5.12798e-05
-56.2875,5.13933e-05
-56.25,5.18704e-05
-56.2125,5.80692e-05
-56.175,6.01406e-05
-56.1375,4.27451e-05
-56.1,2.33837e-05
-56.0625,2.07419e-05
-56.025,3.16824e-05
-55.9875,4.62336e-05
-55.95,4.95204e-05
-55.9125,4.57989e-05
-55.875,6.54794e-05
-55.8375,0.00010344
-55.8,0.000114076
-55.7625,8.65581e-05
-55.725,5.16481e-05
-55.6875,3.10366e-05
-55.65,2.88759e-05
-55.6125,3.99903e-05
-55.575,4.87354e-05
-55.5375,4.5389e-05
-55.5,4.43337e-05
-55.4625,6.80562e-05
-55.425,0.000105075
-55.3875,0.000110033
-55.35,6.87978e-05
-55.3125,2.49503e-05
-55.275,1.82494e-05
-55.2375,3.42776e-05
-55.2,4.01806e-05
-55.1625,4.01493e-05
-55.125,5.32726e-05
-55.0875,7.1529e-05
-55.05,7.87419e-05
-55.0125,7.04609e-05
-54.975,5.42257e-05
-54.9375,4.24232e-05
-54.9,3.32079e-05
-54.8625,4.67502e-05
-54.825,0.00012572
-54.7875,0.000220148
-54.75,0.000229589
-54.7125,0.000175877
-54.675,0.000130233
-54.6375,8.89109e-05
-54.6,6.48872e-05
-54.5625,9.1655e-05
-54.525,0.000127605
-54.4875,0.000129678
-54.45,0.000112708
-54.4125,8.37794e-05
-54.375,4.67262e-05
-54.3375,3.0936e-05
-54.3,4.8419e-05
-54.2625,7.33278e-05
-54.225,7.52866e-05
-54.1875,5.64333e-05
-54.15,4.66806e-05
-54.1125,6.20231e-05
-54.075,8.71258e-05
-54.0375,8.95804e-05
-54.0,5.89781e-05
-53.9625,2.93421e-05
-53.925,1.78025e-05
-53.8875,9.69121e-06
-53.85,2.28056e-05
-53.8125,5.64777e-05
-53.775,6.25982e-05
-53.7375,5.59648e-05
-53.7,7.13971e-05
-53.6625,6.76723e-05
-53.625,4.13709e-05
-53.5875,4.80758e-05
-53.55,7.29163e-05
-53.5125,7.40648e-05
-53.475,6.10728e-05
-53.4375,4.446e-05
-53.4,2.58361e-05
-53.3625,2.19796e-05
-53.325,5.38458e-05
-53.2875,0.000132766
-53.25,0.000218046
-53.2125,0.000227192
-53.175,0.000154482
-53.1375,8.09422e-05
-53.1,4.57208e-05
-53.0625,3.57595e-05
-53.025,4.41744e-05
-52.9875,5.05993e-05
-52.95,5.47066e-05
-52.9125,0.000104661
-52.875,0.000192331
-52.8375,0.000231766
-52.8,0.000184673
-52.7625,0.000103964
-52.725,5.38717e-05
-52.6875,4.17609e-05
-52.65,4.16316e-05
-52.6125,4.83767e-05
-52.575,5.93105e-05
-52.5375,5.61833e-05
-52.5,4.62823e-05
-52.4625,5.00747e-05
-52.425,5.79871e-05
-52.3875,5.46397e-05
-52.35,4.84624e-05
-52.3125,5.49006e-05
-52.275,6.85873e-05
-52.2375,6.69896e-05
-52.2,4.60665e-05
-52.1625,2.52539e-05
-52.125,1.95327e-05
-52.0875,2.93158e-05
-52.05,4.2594e-05
-52.0125,4.53486e-05
-51.975,3.68394e-05
-51.9375,2.9911e-05
-51.9,4.47239e-05
-51.8625,8.71399e-05
-51.825,0.00012486
-51.7875,0.00011977
-51.75,7.63508e-05
-51.7125,3.12134e-05
-51.675,1.88049e-05
-51.6375,4.56207e-05
-51.6,8.17659e-05
-51.5625,0.000104546
-51.525,0.000120959
-51.4875,0.000117798
-51.45,8.06813e-05
-51.4125,5.79093e-05
-51.375,7.96969e-05
-51.3375,8.61157e-05
-51.3,4.88805e-05
-51.2625,3.18068e-05
-51.225,6.17734e-05
-51.1875,8.53342e-05
-51.15,7.27248e-05
-51.1125,5.16486e-05
-51.075,4.81578e-05
-51.0375,6.3231e-05
-51.0,8.88785e-05
-50.9625,0.000108988
-50.925,0.000107662
-50.8875,9.57279e-05
-50.85,9.78162e-05
-50.8125,0.000114125
-50.775,0.000126104
-50.7375,0.000124853
-50.7,0.000118367
-50.6625,0.000115507
-50.625,0.000107411
-50.5875,9.07909e-05
-50.55,8.30596e-05
-50.5125,7.81247e-05
-50.475,5.76374e-05
-50.4375,4.40082e-05
-50.4,6.07304e-05
-50.3625,9.45172e-05
-50.325,0.000124028
-50.2875,0.000124402
-50.25,9.30504e-05
-50.2125,7.48067e-05
-50.175,8.25849e-05
-50.1375,8.11828e-05
-50.1,8.52875e-05
-50.0625,0.000120421
-50.025,0.000138536
-49.9875,0.000110262
-49.95,7.63612e-05
-49.9125,6.0278e-05
-49.875,5.41875e-05
-49.8375,5.29571e-05
-49.8,5.48703e-05
-49.7625,7.06342e-05
-49.725,9.26077e-05
-49.6875,7.96882e-05
-49.65,3.44222e-05
-49.6125,1.353e-05
-49.575,3.51337e-05
-49.5375,6.34471e-05
-49.5,7.67815e-05
-49.4625,8.34448e-05
-49.425,8.66314e-05
-49.3875,7.83031e-05
-49.35,6.05224e-05
-49.3125,5.29302e-05
-49.275,7.53622e-05
-49.2375,0.000119591
-49.2,0.000145022
-49.1625,0.000121878
-49.125,7.67972e-05
-49.0875,5.48771e-05
-49.05,5.00773e-05
-49.0125,4.32099e-05
-48.975,5.20539e-05
-48.9375,7.81086e-05
-48.9,0.000100614
-48.8625,0.000118463
-48.825,0.000115509
-48.7875,7.798e-05
-48.75,5.52369e-05
-48.7125,8.10649e-05
-48.675,0.000103429
-48.6375,8.7152e-05
-48.6,9.65324e-05
-48.5625,0.000189162
-48.525,0.000285773
-48.4875,0.000269695
-48.45,0.00017223
-48.4125,0.00010445
-48.375,8.50766e-05
-48.3375,7.16172e-05
-48.3,5.43629e-05
-48.2625,4.46291e-05
-48.225,4.59734e-05
-48.1875,5.2265e-05
-48.15,5.11607e-05
-48.1125,3.79494e-05
-48.075,2.35596e-05
-48.0375,2.22149e-05
-48.0,3.41238e-05
-47.9625,4.80184e-05
-47.925,5.76013e-05
-47.8875,6.0918e-05
-47.85,5.60386e-05
-47.8125,4.94241e-05
-47.775,5.13813e-05
-47.7375,6.99065e-05
-47.7,0.000102052
-47.6625,0.000114578
-47.625,9.17644e-05
-47.5875,7.83755e-05
-47.55,9.0763e-05
-47.5125,9.16186e-05
-47.475,8.49051e-05
-47.4375,9.12617e-05
-47.4,9.40178e-05
-47.3625,9.43959e-05
-47.325,0.000110792
-47.2875,0.000131732
-47.25,0.000134529
-47.2125,0.000111358
-47.175,7.68996e-05
-47.1375,5.46127e-05
-47.1,4.61441e-05
-47.0625,4.25197e-05
-47.025,4.3039e-05
-46.9875,4.56398e-05
-46.95,5.11774e-05
-46.9125,6.29156e-05
-46.875,7.63483e-05
-46.8375,8.93352e-05
-46.8,9.58909e-05
-46.7625,8.05096e-05
-46.725,5.10701e-05
-46.6875,3.36582e-05
-46.65,3.17986e-05
-46.6125,4.63575e-05
-46.575,8.95106e-05
-46.5375,0.000132099
-46.5,0.000122557
-46.4625,7.56881e-05
-46.425,4.58167e-05
-46.3875,4.11139e-05
-46.35,4.72959e-05
-46.3125,6.73871e-05
-46.275,8.59533e-05
-46.2375,7.37934e-05
-46.2,4.45204e-05
-46.1625,4.0351e-05
-46.125,7.10827e-05
-46.0875,0.000102173
-46.05,9.44106e-05
-46.0125,5.67686e-05
-45.975,3.76359e-05
-45.9375,5.36228e-05
-45.9,8.05956e-05
-45.8625,9.48286e-05
-45.825,8.08895e-05
-45.7875,4.67041e-05
-45.75,2.37499e-05
-45.7125,2.10285e-05
-45.675,2.95901e-05
-45.6375,5.62215e-05
-45.6,9.23316e-05
-45.5625,0.000103583
-45.525,8.24232e-05
-45.4875,5.25343e-05
-45.45,3.38178e-05
-45.4125,3.05194e-05
-45.375,2.66427e-05
-45.3375,1.55124e-05
-45.3,2.30748e-05
-45.2625,4.98126e-05
-45.225,5.6762e-05
-45.1875,4.04443e-05
-45.15,3.23071e-05
-45.1125,3.87338e-05
-45.075,4.69397e-05
-45.0375,5.50963e-05
-45.0,6.79809e-05
-44.9625,8.34957e-05
-44.925,9.6575e-05
-44.8875,0.000105862
-44.85,9.94604e-05
-44.8125,7.1208e-05
-44.775,5.95044e-05
-44.7375,8.55891e-05
-44.7,9.82656e-05
-44.6625,8.24939e-05
-44.625,9.81593e-05
-44.5875,0.000150191
-44.55,0.000174505
-44.5125,0.000144755
-44.475,9.69062e-05
-44.4375,8.33087e-05
-44.4,0.000112171
-44.3625,0.000128028
-44.325,9.14841e-05
-44.2875,4.52161e-05
-44.25,4.20274e-05
-44.2125,5.53139e-05
-44.175,4.55926e-05
-44.1375,4.76421e-05
-44.1,8.12373e-05
-44.0625,9.09092e-05
-44.025,6.53708e-05
-43.9875,5.62628e-05
-43.95,6.53357e-05
-43.9125,6.78565e-05
-43.875,8.02077e-05
-43.8375,0.000109961
-43.8,0.000121824
-43.7625,8.80862e-05
-43.725,3.47036e-05
-43.6875,1.05918e-05
-43.65,2.2757e-05
-43.6125,5.24795e-05
-43.575,8.82507e-05
-43.5375,0.000100799
-43.5,7.76111e-05
-43.4625,6.27971e-05
-43.425,9.18815e-05
-43.3875,0.000146441
-43.35,0.000171377
-43.3125,0.000132488
-43.275,8.52048e-05
-43.2375,8.85349e-05
-43.2,9.69991e-05
-43.1625,7.18306e-05
-43.125,5.61006e-05
-43.0875,6.59626e-05
-43.05,6.74349e-05
-43.0125,5.71485e-05
-42.975,6.22512e-05
-42.9375,8.70074e-05
-42.9,0.00010529
-42.8625,9.73869e-05
-42.825,7.76865e-05
-42.7875,7.40154e-05
-42.75,8.30689e-05
-42.7125,7.67311e-05
-42.675,5.36992e-05
-42.6375,3.74618e-05
-42.6,3.88529e-05
-42.5625,6.49322e-05
-42.525,0.000106618
-42.4875,0.000111787
-42.45,6.53595e-05
-42.4125,3.38878e-05
-42.375,4.45371e-05
-42.3375,4.74476e-05
-42.3,3.38436e-05
-42.2625,3.99169e-05
-42.225,5.52607e-05
-42.1875,5.37152e-05
-42.15,5.3094e-05
-42.1125,6.59865e-05
-42.075,7.45247e-05
-42.0375,8.53565e-05
-42.0,0.000117284
-41.9625,0.000140679
-41.925,0.000119641
-41.8875,7.97329e-05
-41.85,6.16375e-05
-41.8125,6.68906e-05
-41.775,8.63242e-05
-41.7375,0.00011005
-41.7,0.00011537
-41.6625,9.50763e-05
-41.625,6.64022e-05
-41.5875,4.66196e-05
-41.55,4.06147e-05
-41.5125,4.28305e-05
-41.475,5.24287e-05
-41.4375,7.133e-05
-41.4,8.86834e-05
-41.3625,9.25668e-05
-41.325,8.11822e-05
-41.2875,6.04891e-05
-41.25,4.16743e-05
-41.2125,3.4934e-05
-41.175,4.40829e-05
-41.1375,5.81414e-05
-41.1,7.66126e-05
-41.0625,0.000129154
-41.025,0.00019406
-40.9875,0.000190568
-40.95,0.000125178
-40.9125,8.33334e-05
-40.875,7.70261e-05
-40.8375,6.08689e-05
-40.8,3.38823e-05
-40.7625,2.61354e-05
-40.725,4.41794e-05
-40.6875,6.97899e-05
-40.65,8.66086e-05
-40.6125,9.16323e-05
-40.575,9.0509e-05
-40.5375,8.48177e-05
-40.5,7.31202e-05
-40.4625,7.31508e-05
-40.425,9.53646e-05
-40.3875,0.00010596
-40.35,8.21656e-05
-40.3125,5.02404e-05
-40.275,3.28291e-05
-40.2375,2.72729e-05
-40.2,2.87956e-05
-40.1625,3.10764e-05
-40.125,2.85987e-05
-40.0875,2.72423e-05
-40.05,3.03496e-05
-40.0125,3.14441e-05
-39.975,2.85431e-05
-39.9375,2.3249e-05
-39.9,2.11193e-05
-39.8625,3.11309e-05
-39.825,4.46775e-05
-39.7875,4.86045e-05
-39.75,4.94861e-05
-39.7125,5.64158e-05
-39.675,7.30946e-05
-39.6375,8.84767e-05
-39.6,7.33678e-05
-39.5625,4.23058e-05
-39.525,4.96654e-05
-39.4875,9.12203e-05
-39.45,0.000119211
-39.4125,0.000121988
-39.375,0.000109782
-39.3375,8.9432e-05
-39.3,6.86117e-05
-39.2625,5.34479e-05
-39.225,5.46622e-05
-39.1875,7.36141e-05
-39.15,9.29998e-05
-39.1125,0.000104706
-39.075,0.000109025
-39.0375,0.000102927
-39.0,9.29356e-05
-38.9625,8.73502e-05
-38.925,8.53929e-05
-38.8875,7.87604e-05
-38.85,5.965e-05
-38.8125,4.89134e-05
-38.775,7.16856e-05
-38.7375,9.85671e-05
-38.7,9.00482e-05
-38.6625,6.45241e-05
-38.625,5.67468e-05
-38.5875,6.61339e-05
-38.55,7.61745e-05
-38.5125,7.76076e-05
-38.475,6.74926e-05
-38.4375,5.06338e-05
-38.4,3.70496e-05
-38.3625,3.49566e-05
-38.325,4.71786e-05
-38.2875,6.32108e-05
-38.25,7.54905e-05
-38.2125,9.27708e-05
-38.175,9.54254e-05
-38.1375,6.00724e-05
-38.1,4.279e-05
-38.0625,8.06448e-05
-38.025,9.44264e-05
-37.9875,4.99388e-05
-37.95,2.28586e-05
-37.9125,3.21893e-05
-37.875,3.41471e-05
-37.8375,3.28741e-05
-37.8,3.9218e-05
-37.7625,3.34915e-05
-37.725,2.0339e-05
-37.6875,1.71666e-05
-37.65,1.63486e-05
-37.6125,1.34705e-05
-37.575,1.68952e-05
-37.5375,2.34133e-05
-37.5,2.73343e-05
-37.4625,3.01978e-05
-37.425,2.96052e-05
-37.3875,2.51882e-05
-37.35,2.23452e-05
-37.3125,2.43681e-05
-37.275,4.27258e-05
-37.2375,8.26004e-05
-37.2,0.000105131
-37.1625,7.55845e-05
-37.125,3.5809e-05
-37.0875,4.27102e-05
-37.05,7.95663e-05
-37.0125,9.39482e-05
-36.975,6.76855e-05
-36.9375,2.66533e-05
-36.9,1.98797e-05
-36.8625,6.51054e-05
-36.825,0.000107797
-36.7875,9.17639e-05
-36.75,4.29277e-05
-36.7125,1.65881e-05
-36.675,2.00648e-05
-36.6375,3.7714e-05
-36.6,5.93444e-05
-36.5625,6.53074e-05
-36.525,4.88182e-05
-36.4875,3.25356e-05
-36.45,2.73975e-05
-36.4125,2.86084e-05
-36.375,4.25178e-05
-36.3375,6.63364e-05
-36.3,8.68615e-05
-36.2625,9.87379e-05
-36.225,8.78764e-05
-36.1875,5.80108e-05
-36.15,5.0519e-05
-36.1125,7.14763e-05
-36.075,8.45048e-05
-36.0375,8.14618e-05
-36.0,7.07258e-05
-35.9625,4.99662e-05
-35.925,2.69417e-05
-35.8875,2.18682e-05
-35.85,5.15301e-05
-35.8125,9.92156e-05
-35.775,0.000120884
-35.7375,0.0001209
-35.7,0.000141502
-35.6625,0.000157339
-35.625,0.0001117
-35.5875,4.42879e-05
-35.55,2.94453e-05
-35.5125,4.21463e-05
-35.475,3.15199e-05
-35.4375,2.23557e-05
-35.4,3.94123e-05
-35.3625,5.86983e-05
-35.325,6.74791e-05
-35.2875,7.34327e-05
-35.25,7.84695e-05
-35.2125,8.22694e-05
-35.175,8.53084e-05
-35.1375,0.00010314
-35.1,0.000154072
-35.0625,0.000200531
-35.025,0.000177931
-34.9875,0.00010051
-34.95,5.35317e-05
-34.9125,6.44914e-05
-34.875,6.34804e-05
-34.8375,2.77457e-05
-34.8,4.37487e-05
-34.7625,0.000125643
-34.725,0.000163961
-34.6875,0.00012189
-34.65,7.1593e-05
-34.6125,6.51536e-05
-34.575,9.70197e-05
-34.5375,0.000117657
-34.5,9.20503e-05
-34.4625,5.66913e-05
-34.425,4.09674e-05
-34.3875,2.94161e-05
-34.35,3.60995e-05
-34.3125,7.54215e-05
-34.275,0.000108857
-34.2375,0.000110103
-34.2,9.54735e-05
-34.1625,7.7163e-05
-34.125,5.66402e-05
-34.0875,4.35822e-05
-34.05,4.53499e-05
-34.0125,5.18007e-05
-33.975,4.641e-05
-33.9375,3.0446e-05
-33.9,2.09168e-05
-33.8625,2.62888e-05
-33.825,4.59608e-05
-33.7875,7.58688e-05
-33.75,9.54937e-05
-33.7125,9.01579e-05
-33.675,8.2631e-05
-33.6375,9.51885e-05
-33.6,0.000113748
-33.5625,0.000115495
-33.525,9.35675e-05
-33.4875,6.28541e-05
-33.45,4.92476e-05
-33.4125,4.99417e-05
-33.375,4.26723e-05
-33.3375,3.71602e-05
-33.3,4.9707e-05
-33.2625,6.19276e-05
-33.225,6.18654e-05
-33.1875,6.56042e-05
-33.15,7.79551e-05
-33.1125,8.58933e-05
-33.075,8.41397e-05
-33.0375,7.98575e-05
-33.0,8.19607e-05
-32.9625,9.05518e-05
-32.925,9.70963e-05
-32.8875,0.000106348
-32.85,0.000132657
-32.8125,0.000151357
-32.775,0.000123605
-32.7375,7.51567e-05
-32.7,5.24047e-05
-32.6625,4.81714e-05
-32.625,4.21469e-05
-32.5875,3.56051e-05
-32.55,3.32143e-05
-32.5125,3.36391e-05
-32.475,3.00169e-05
-32.4375,2.93721e-05
-32.4,4.11499e-05
-32.3625,4.32601e-05
-32.325,2.96965e-05
-32.2875,3.65904e-05
-32.25,6.79354e-05
-32.2125,9.34502e-05
-32.175,0.000118789
-32.1375,0.000160643
-32.1,0.000186804
-32.0625,0.000160105
-32.025,0.000103472
-31.9875,5.93265e-05
-31.95,3.45984e-05
-31.9125,2.80134e-05
-31.875,4.2986e-05
-31.8375,6.45032e-05
-31.8,8.28541e-05
-31.7625,0.00010699
-31.725,0.000133048
-31.6875,0.000148003
-31.65,0.000144849
-31.6125,0.000117273
-31.575,7.52252e-05
-31.5375,4.28668e-05
-31.5,3.19719e-05
-31.4625,4.85956e-05
-31.425,8.92361e-05
-31.3875,0.00011855
-31.35,0.000106673
-31.3125,7.45325e-05
-31.275,5.55354e-05
-31.2375,4.78475e-05
-31.2,4.19058e-05
-31.1625,4.43633e-05
-31.125,5.1047e-05
-31.0875,5.62865e-05
-31.05,7.66872e-05
-31.0125,0.000106579
-30.975,0.000106211
-30.9375,7.39538e-05
-30.9,5.00029e-05
-30.8625,4.35722e-05
-30.825,3.47705e-05
-30.7875,2.49197e-05
-30.75,3.06837e-05
-30.7125,5.95208e-05
-30.675,0.000104094
-30.6375,0.000135836
-30.6,0.000127715
-30.5625,9.23275e-05
-30.525,6.24452e-05
-30.4875,4.94687e-05
-30.45,4.86679e-05
-30.4125,6.21072e-05
-30.375,8.9451e-05
-30.3375,0.000102846
-30.3,7.90279e-05
-30.2625,4.8082e-05
-30.225,4.1596e-05
-30.1875,4.2216e-05
-30.15,3.56106e-05
-30.1125,3.14869e-05
-30.075,3.17634e-05
-30.0375,3.82967e-05
-30.0,5.84731e-05
-29.9625,8.51576e-05
-29.925,0.000105563
-29.8875,0.000117046
-29.85,0.000112502
-29.8125,8.17167e-05
-29.775,4.0375e-05
-29.7375,2.46039e-05
-29.7,4.02941e-05
-29.6625,5.18923e-05
-29.625,4.89192e-05
-29.5875,5.3323e-05
-29.55,5.30174e-05
-29.5125,3.57501e-05
-29.475,2.86038e-05
-29.4375,3.79836e-05
-29.4,5.21588e-05
-29.3625,6.5741e-05
-29.325,6.05195e-05
-29.2875,4.81002e-05
-29.25,6.16723e-05
-29.2125,7.58049e-05
-29.175,5.51684e-05
-29.1375,2.86779e-05
-29.1,2.73346e-05
-29.0625,3.89571e-05
-29.025,5.18071e-05
-28.9875,5.72915e-05
-28.95,3.83191e-05
-28.9125,1.51197e-05
-28.875,2.768e-05
-28.8375,5.97033e-05
-28.8,6.66287e-05
-28.7625,5.00521e-05
-28.725,3.91368e-05
-28.6875,3.1484e-05
-28.65,1.67294e-05
-28.6125,2.99505e-05
-28.575,8.29567e-05
-28.5375,0.000111661
-28.5,9.30508e-05
-28.4625,7.86112e-05
-28.425,8.8177e-05
-28.3875,0.00012059
-28.35,0.000175021
-28.3125,0.000189675
-28.275,0.000128811
-28.2375,6.88367e-05
-28.2,5.35293e-05
-28.1625,5.02395e-05
-28.125,7.5994e-05
-28.0875,0.000130399
-28.05,0.000129793
-28.0125,7.55516e-05
-27.975,5.38493e-05
-27.9375,6.27791e-05
-27.9,6.8188e-05
-27.8625,8.749e-05
-27.825,0.000108546
-27.7875,0.000101844
-27.75,7.94554e-05
-27.7125,5.3083e-05
-27.675,3.16551e-05
-27.6375,3.34952e-05
-27.6,4.09897e-05
-27.5625,3.09084e-05
-27.525,2.75051e-05
-27.4875,4.49004e-05
-27.45,5.61405e-05
-27.4125,5.13823e-05
-27.375,4.17838e-05
-27.3375,3.09588e-05
-27.3,3.07734e-05
-27.2625,4.75198e-05
-27.225,5.78529e-05
-27.1875,4.97817e-05
-27.15,4.40169e-05
-27.1125,5.097e-05
-27.075,5.33545e-05
-27.0375,4.05577e-05
-27.0,3.45403e-05
-26.9625,6.07388e-05
-26.925,0.000104498
-26.8875,0.00013354
-26.85,0.000139978
-26.8125,0.000125786
-26.775,9.41413e-05
-26.7375,6.97347e-05
-26.7,7.75515e-05
-26.6625,0.000111732
-26.625,0.000147778
-26.5875,0.000156925
-26.55,0.000124558
-26.5125,7.57235e-05
-26.475,4.46835e-05
-26.4375,3.59311e-05
-26.4,4.40093e-05
-26.3625,6.82644e-05
-26.325,0.00010746
-26.2875,0.00015658
-26.25,0.000189153
-26.2125,0.000179362
-26.175,0.000146023
-26.1375,0.000116052
-26.1,8.49876e-05
-26.0625,5.17491e-05
-26.025,2.99923e-05
-25.9875,2.32401e-05
-25.95,2.62679e-05
-25.9125,3.31292e-05
-25.875,3.6338e-05
-25.8375,3.06878e-05
-25.8,2.53283e-05
-25.7625,3.78187e-05
-25.725,6.02555e-05
-25.6875,7.22741e-05
-25.65,8.45944e-05
-25.6125,0.000111468
-25.575,0.000133875
-25.5375,0.000129211
-25.5,0.000103839
-25.4625,8.10331e-05
-25.425,6.73857e-05
-25.3875,5.56817e-05
-25.35,5.15945e-05
-25.3125,5.12816e-05
-25.275,3.45065e-05
-25.2375,1.3859e-05
-25.2,1.52736e-05
-25.1625,2.69288e-05
-25.125,3.54102e-05
-25.0875,4.85441e-05
-25.05,5.94075e-05
-25.0125,5.07385e-05
-24.975,2.6361e-05
-24.9375,1.0779e-05
-24.9,1.89328e-05
-24.8625,3.53277e-05
-24.825,4.11378e-05
-24.7875,4.44671e-05
-24.75,5.88e-05
-24.7125,7.38781e-05
-24.675,7.2814e-05
-24.6375,6.13572e-05
-24.6,6.14072e-05
-24.5625,8.67457e-05
-24.525,0.000123993
-24.4875,0.0001377
-24.45,0.000112844
-24.4125,7.22226e-05
-24.375,4.30857e-05
-24.3375,3.76184e-05
-24.3,5.15457e-05
-24.2625,6.35932e-05
-24.225,5.94691e-05
-24.1875,4.60851e-05
-24.15,2.94736e-05
-24.1125,1.34816e-05
-24.075,1.31437e-05
-24.0375,3.0756e-05
-24.0,4.64573e-05
-23.9625,4.99565e-05
-23.925,5.05714e-05
-23.8875,6.34414e-05
-23.85,8.4851e-05
-23.8125,7.85459e-05
-23.775,3.60001e-05
-23.7375,1.27719e-05
-23.7,3.70469e-05
-23.6625,6.32314e-05
-23.625,6.17962e-05
-23.5875,5.84745e-05
-23.55,6.64958e-05
-23.5125,6.30809e-05
-23.475,4.48314e-05
-23.4375,4.55172e-05
-23.4,7.70876e-05
-23.3625,0.000100885
-23.325,9.18508e-05
-23.2875,7.55533e-05
-23.25,6.61353e-05
-23.2125,5.2783e-05
-23.175,5.49905e-05
-23.1375,8.41576e-05
-23.1,9.74201e-05
-23.0625,7.32681e-05
-23.025,4.42216e-05
-22.9875,3.24345e-05
-22.95,3.49705e-05
-22.9125,4.20313e-05
-22.875,3.77552e-05
-22.8375,2.83289e-05
-22.8,3.77579e-05
-22.7625,5.2725e-05
-22.725,4.89645e-05
-22.6875,4.68131e-05
-22.65,6.00169e-05
-22.6125,6.6741e-05
-22.575,6.8364e-05
-22.5375,7.73537e-05
-22.5,7.48985e-05
-22.4625,5.60128e-05
-22.425,4.06588e-05
-22.3875,2.7108e-05
-22.35,1.42461e-05
-22.3125,1.99296e-05
-22.275,3.77074e-05
-22.2375,4.27939e-05
-22.2,3.28901e-05
-22.1625,2.62614e-05
-22.125,3.49904e-05
-22.0875,4.82207e-05
-22.05,5.1347e-05
-22.0125,4.93547e-05
-21.975,5.26201e-05
-21.9375,6.0776e-05
-21.9,6.29412e-05
-21.8625,5.29179e-05
-21.825,4.90049e-05
-21.7875,6.99053e-05
-21.75,0.000102484
-21.7125,0.000125516
-21.675,0.000133858
-21.6375,0.00012435
-21.6,9.42063e-05
-21.5625,6.09136e-05
-21.525,5.31293e-05
-21.4875,6.59875e-05
-21.45,6.30308e-05
-21.4125,4.61011e-05
-21.375,5.61358e-05
-21.3375,8.72791e-05
-21.3,9.14464e-05
-21.2625,6.32203e-05
-21.225,4.20824e-05
-21.1875,5.17267e-05
-21.15,7.40848e-05
-21.1125,7.65188e-05
-21.075,5.7404e-05
-21.0375,4.03551e-05
-21.0,3.18218e-05
-20.9625,2.24916e-05
-20.925,1.52617e-05
-20.8875,2.663e-05
-20.85,5.87426e-05
-20.8125,7.73327e-05
-20.775,5.81441e-05
-20.7375,3.98793e-05
-20.7,5.52381e-05
-20.6625,7.28229e-05
-20.625,7.58981e-05
-20.5875,8.3141e-05
-20.55,8.5068e-05
-20.5125,6.73691e-05
-20.475,4.50358e-05
-20.4375,3.56634e-05
-20.4,4.11326e-05
-20.3625,4.55942e-05
-20.325,3.97492e-05
-20.2875,3.88245e-05
-20.25,4.9975e-05
-20.2125,5.51846e-05
-20.175,3.93728e-05
-20.1375,1.97714e-05
-20.1,2.41439e-05
-20.0625,3.5632e-05
-20.025,2.5512e-05
-19.9875,2.12916e-05
-19.95,4.94057e-05
-19.9125,7.49416e-05
-19.875,7.06113e-05
-19.8375,5.86988e-05
-19.8,5.9805e-05
-19.7625,7.08711e-05
-19.725,7.72565e-05
-19.6875,6.14771e-05
-19.65,3.66978e-05
-19.6125,3.98284e-05
-19.575,6.45943e-05
-19.5375,7.53627e-05
-19.5,7.05817e-05
-19.4625,5.67587e-05
-19.425,3.3671e-05
-19.3875,3.22135e-05
-19.35,6.35977e-05
-19.3125,7.88945e-05
-19.275,5.6783e-05
-19.2375,3.76894e-05
-19.2,4.24188e-05
-19.1625,4.31691e-05
-19.125,2.95903e-05
-19.0875,3.44002e-05
-19.05,6.5233e-05
-19.0125,8.98646e-05
-18.975,9.50027e-05
-18.9375,8.27358e-05
-18.9,5.51333e-05
-18.8625,3.21847e-05
-18.825,2.81268e-05
-18.7875,3.27467e-05
-18.75,3.55362e-05
-18.7125,3.52297e-05
-18.675,3.64123e-05
-18.6375,4.66791e-05
-18.6,6.01178e-05
-18.5625,6.08923e-05
-18.525,5.44934e-05
-18.4875,5.50119e-05
-18.45,5.08148e-05
-18.4125,3.64832e-05
-18.375,3.27347e-05
-18.3375,3.7896e-05
-18.3,3.51877e-05
-18.2625,3.48778e-05
-18.225,4.38285e-05
-18.1875,5.22218e-05
-18.15,6.2539e-05
-18.1125,7.70438e-05
-18.075,9.07242e-05
-18.0375,9.75145e-05
-18.0,8.30505e-05
-17.9625,5.38001e-05
-17.925,3.79176e-05
-17.8875,3.56325e-05
-17.85,3.61555e-05
-17.8125,4.44121e-05
-17.775,5.08057e-05
-17.7375,4.75363e-05
-17.7,5.32269e-05
-17.6625,6.77797e-05
-17.625,6.85124e-05
-17.5875,5.6299e-05
-17.55,4.67577e-05
-17.5125,4.31657e-05
-17.475,4.34489e-05
-17.4375,4.854e-05
-17.4,5.71511e-05
-17.3625,5.85005e-05
-17.325,5.05834e-05
-17.2875,5.70034e-05
-17.25,8.51705e-05
-17.2125,0.000102451
-17.175,8.8313e-05
-17.1375,6.24792e-05
-17.1,4.83828e-05
-17.0625,5.41094e-05
-17.025,7.5462e-05
-16.9875,9.28311e-05
-16.95,9.20461e-05
-16.9125,8.00404e-05
-16.875,6.1829e-05
-16.8375,3.90762e-05
-16.8,3.25747e-05
-16.7625,4.23111e-05
-16.725,4.28665e-05
-16.6875,3.62262e-05
-16.65,3.74202e-05
-16.6125,3.7377e-05
-16.575,3.36157e-05
-16.5375,3.2276e-05
-16.5,3.12474e-05
-16.4625,3.73979e-05
-16.425,7.03311e-05
-16.3875,0.000123438
-16.35,0.000159918
-16.3125,0.000150418
-16.275,0.000103339
-16.2375,5.00225e-05
-16.2,1.9812e-05
-16.1625,1.9212e-05
-16.125,2.83817e-05
-16.0875,2.50517e-05
-16.05,2.29661e-05
-16.0125,3.44074e-05
-15.975,4.16475e-05
-15.9375,3.97245e-05
-15.9,4.98495e-05
-15.8625,6.35547e-05
-15.825,4.90639e-05
-15.7875,2.36116e-05
-15.75,2.86342e-05
-15.7125,6.04184e-05
-15.675,7.38943e-05
-15.6375,6.3022e-05
-15.6,7.2435e-05
-15.5625,8.96481e-05
-15.525,6.6083e-05
-15.4875,3.43167e-05
-15.45,4.44112e-05
-15.4125,6.48766e-05
-15.375,5.33663e-05
-15.3375,4.70207e-05
-15.3,6.74121e-05
-15.2625,8.26714e-05
-15.225,8.24508e-05
-15.1875,6.44961e-05
-15.15,5.16805e-05
-15.1125,3.52825e-05
-15.075,5.94688e-05
-15.0375,6.78105e-05
-15.0,2.66606e-05
-14.9625,3.83661e-05
-14.925,5.80746e-05
-14.8875,5.71242e-05
-14.85,5.20069e-05
-14.8125,5.23132e-05
-14.775,4.62198e-05
-14.7375,3.37831e-05
-14.7,2.90642e-05
-14.6625,3.4962e-05
-14.625,3.63139e-05
-14.5875,2.90246e-05
-14.55,3.27399e-05
-14.5125,4.88876e-05
-14.475,6.05428e-05
-14.4375,6.99557e-05
-14.4,7.55201e-05
-14.3625,6.98667e-05
-14.325,6.49644e-05
-14.2875,6.15957e-05
-14.25,5.65093e-05
-14.2125,6.37147e-05
-14.175,7.57764e-05
-14.1375,7.64292e-05
-14.1,7.03504e-05
-14.0625,5.89289e-05
-14.025,4.51618e-05
-13.9875,3.87555e-05
-13.95,3.41955e-05
-13.9125,2.36126e-05
-13.875,1.40311e-05
-13.8375,1.45607e-05
-13.8,2.14926e-05
-13.7625,2.88358e-05
-13.725,3.95712e-05
-13.6875,4.5815e-05
-13.65,3.71684e-05
-13.6125,3.08854e-05
-13.575,4.78476e-05
-13.5375,8.47704e-05
-13.5,0.000119114
-13.4625,0.00012663
-13.425,0.000115488
-13.3875,0.000107878
-13.35,9.42692e-05
-13.3125,6.99601e-05
-13.275,5.47007e-05
-13.2375,4.94183e-05
-13.2,4.76696e-05
-13.1625,5.05657e-05
-13.125,4.56824e-05
-13.0875,3.20819e-05
-13.05,3.0076e-05
-13.0125,3.90579e-05
-12.975,4.46104e-05
-12.9375,5.13669e-05
-12.9,6.70647e-05
-12.8625,8.5145e-05
-12.825,9.35661e-05
-12.7875,8.63642e-05
-12.75,7.59504e-05
-12.7125,7.84722e-05
-12.675,8.19536e-05
-12.6375,6.88297e-05
-12.6,5.34372e-05
-12.5625,4.9841e-05
-12.525,4.56361e-05
-12.4875,4.0846e-05
-12.45,4.66351e-05
-12.4125,4.49905e-05
-12.375,2.47212e-05
-12.3375,2.29703e-05
-12.3,6.56271e-05
-12.2625,0.000116043
-12.225,0.000126154
-12.1875,9.41722e-05
-12.15,5.27305e-05
-12.1125,3.03879e-05
-12.075,3.06574e-05
-12.0375,4.11476e-05
-12.0,5.31376e-05
-11.9625,6.05971e-05
-11.925,5.68357e-05
-11.8875,4.17937e-05
-11.85,2.67899e-05
-11.8125,2.80838e-05
-11.775,4.02486e-05
-11.7375,3.92156e-05
-11.7,2.89868e-05
-11.6625,3.2879e-05
-11.625,5.13341e-05
-11.5875,7.64091e-05
-11.55,9.33642e-05
-11.5125,7.17915e-05
-11.475,2.97118e-05
-11.4375,3.07395e-05
-11.4,6.61884e-05
-11.3625,6.75862e-05
-11.325,3.61326e-05
-11.2875,2.65451e-05
-11.25,4.47516e-05
-11.2125,6.28712e-05
-11.175,7.56785e-05
-11.1375,8.15181e-05
-11.1,7.45697e-05
-11.0625,6.99597e-05
-11.025,7.17877e-05
-10.9875,5.95044e-05
-10.95,3.71951e-05
-10.9125,2.29299e-05
-10.875,1.71877e-05
-10.8375,2.64374e-05
-10.8,5.08652e-05
-10.7625,6.29891e-05
-10.725,5.62922e-05
-10.6875,5.70013e-05
-10.65,6.39458e-05
-10.6125,5.32611e-05
-10.575,3.81905e-05
-10.5375,4.68762e-05
-10.5,6.68822e-05
-10.4625,6.96792e-05
-10.425,5.20242e-05
-10.3875,3.74445e-05
-10.35,5.27485e-05
-10.3125,8.66089e-05
-10.275,0.000126829
-10.2375,0.000236237
-10.2,0.000445193
-10.1625,0.000610302
-10.125,0.000569311
-10.0875,0.000374547
-10.05,0.000201795
-10.0125,0.000123882
-9.975,0.000116291
-9.9375,0.000143204
-9.9,0.0001473
-9.8625,0.000105088
-9.825,8.96494e-05
-9.7875,0.00015681
-9.75,0.000231292
-9.7125,0.000211893
-9.675,0.000131176
-9.6375,8.60504e-05
-9.6,7.06919e-05
-9.5625,3.48907e-05
-9.525,2.18562e-05
-9.4875,8.46807e-05
-9.45,0.000163102
-9.4125,0.000176158
-9.375,0.000140705
-9.3375,0.000111981
-9.3,0.000102748
-9.2625,0.000100982
-9.225,9.67225e-05
-9.1875,9.36799e-05
-9.15,0.000104522
-9.1125,0.000113958
-9.075,0.000100512
-9.0375,8.31979e-05
-9.0,7.35405e-05
-8.9625,5.65983e-05
-8.925,4.46544e-05
-8.8875,5.97252e-05
-8.85,0.000104863
-8.8125,0.000165935
-8.775,0.000192472
-8.7375,0.000158675
-8.7,0.000127407
-8.6625,0.000147086
-8.625,0.000168286
-8.5875,0.000143524
-8.55,0.000133176
-8.5125,0.000242586
-8.475,0.00045583
-8.4375,0.00059852
-8.4,0.00052008
-8.3625,0.000280299
-8.325,9.71137e-05
-8.2875,8.40161e-05
-8.25,0.000134266
-8.2125,0.000144563
-8.175,0.00015453
-8.1375,0.000174921
-8.1,0.00014442
-8.0625,8.11336e-05
-8.025,4.73636e-05
-7.9875,3.61011e-05
-7.95,2.40303e-05
-7.9125,2.14339e-05
-7.875,3.15151e-05
-7.8375,4.61927e-05
-7.8,5.79027e-05
-7.7625,5.19729e-05
-7.725,3.44559e-05
-7.6875,3.0693e-05
-7.65,3.26339e-05
-7.6125,2.6798e-05
-7.575,3.50688e-05
-7.5375,5.14141e-05
-7.5,4.31885e-05
-7.4625,3.07661e-05
-7.425,4.66611e-05
-7.3875,6.67471e-05
-7.35,5.64633e-05
-7.3125,3.16935e-05
-7.275,3.95936e-05
-7.2375,8.32943e-05
-7.2,0.000108418
-7.1625,8.6761e-05
-7.125,4.95652e-05
-7.0875,2.99249e-05
-7.05,2.92103e-05
-7.0125,3.83587e-05
-6.975,5.30368e-05
-6.9375,6.23703e-05
-6.9,5.61206e-05
-6.8625,4.42726e-05
-6.825,4.37986e-05
-6.7875,6.10932e-05
-6.75,8.97062e-05
-6.7125,0.000105905
-6.675,8.60669e-05
-6.6375,4.05264e-05
-6.6,8.66631e-06
-6.5625,1.25006e-05
-6.525,3.56376e-05
-6.4875,5.78947e-05
-6.45,7.38091e-05
-6.4125,7.33648e-05
-6.375,5.59531e-05
-6.3375,4.52807e-05
-6.3,5.85101e-05
-6.2625,9.00742e-05
-6.225,0.000113228
-6.1875,0.000101132
-6.15,7.38731e-05
-6.1125,6.26215e-05
-6.075,5.06566e-05
-6.0375,3.32832e-05
-6.0,4.07981e-05
-5.9625,6.45753e-05
-5.925,7.45222e-05
-5.8875,7.47709e-05
-5.85,7.45786e-05
-5.8125,7.54065e-05
-5.775,8.35532e-05
-5.7375,8.0603e-05
-5.7,4.60764e-05
-5.6625,1.92391e-05
-5.625,3.48668e-05
-5.5875,4.65518e-05
-5.55,2.56836e-05
-5.5125,2.54482e-05
-5.475,6.49523e-05
-5.4375,9.38309e-05
-5.4,8.75281e-05
-5.3625,6.08334e-05
-5.325,3.35238e-05
-5.2875,2.56845e-05
-5.25,3.99361e-05
-5.2125,6.5636e-05
-5.175,8.64839e-05
-5.1375,8.11487e-05
-5.1,7.02312e-05
-5.0625,8.69089e-05
-5.025,9.69075e-05
-4.9875,6.96128e-05
-4.95,4.08852e-05
-4.9125,3.60622e-05
-4.875,4.6279e-05
-4.8375,5.68817e-05
-4.8,4.77159e-05
-4.7625,2.84232e-05
-4.725,3.67127e-05
-4.6875,5.95528e-05
-4.65,5.01362e-05
-4.6125,2.79157e-05
-4.575,3.7765e-05
-4.5375,5.25122e-05
-4.5,4.04595e-05
-4.4625,3.06456e-05
-4.425,3.66632e-05
-4.3875,3.79235e-05
-4.35,3.95313e-05
-4.3125,6.91499e-05
-4.275,0.000132731
-4.2375,0.000182454
-4.2,0.000157751
-4.1625,8.33027e-05
-4.125,4.23742e-05
-4.0875,6.21076e-05
-4.05,0.000103789
-4.0125,0.000117416
-3.975,9.3846e-05
-3.9375,7.69825e-05
-3.9,8.57824e-05
-3.8625,9.01567e-05
-3.825,7.58091e-05
-3.7875,6.13808e-05
-3.75,7.90888e-05
-3.7125,0.000116638
-3.675,0.000108086
-3.6375,6.87157e-05
-3.6,0.000102905
-3.5625,0.000258277
-3.525,0.000515392
-3.4875,0.000847549
-3.45,0.00123963
-3.4125,0.00161518
-3.375,0.00174158
-3.3375,0.00153493
-3.3,0.00131442
-3.2625,0.0012471
-3.225,0.00105768
-3.1875,0.000673795
-3.15,0.000368895
-3.1125,0.000238731
-3.075,0.000197772
-3.0375,0.00018534
-3.0,0.000129082
-2.9625,5.22179e-05
-2.925,5.30661e-05
-2.8875,7.26238e-05
-2.85,3.74554e-05
-2.8125,3.90259e-05
-2.775,9.52306e-05
-2.7375,0.000101806
-2.7,6.19858e-05
-2.6625,3.56397e-05
-2.625,2.83768e-05
-2.5875,5.30479e-05
-2.55,9.22339e-05
-2.5125,9.15771e-05
-2.475,6.8513e-05
-2.4375,5.95866e-05
-2.4,4.62527e-05
-2.3625,3.45853e-05
-2.325,6.19462e-05
-2.2875,0.000119952
-2.25,0.000160994
-2.2125,0.000150453
-2.175,0.000102143
-2.1375,6.64522e-05
-2.1,6.38902e-05
-2.0625,6.58743e-05
-2.025,5.31422e-05
-1.9875,3.78256e-05
-1.95,3.09512e-05
-1.9125,3.6615e-05
-1.875,5.35398e-05
-1.8375,6.74228e-05
-1.8,7.6714e-05
-1.7625,8.69252e-05
-1.725,7.90017e-05
-1.6875,5.52156e-05
-1.65,4.72693e-05
-1.6125,4.38927e-05
-1.575,3.34019e-05
-1.5375,6.10053e-05
-1.5,0.000118331
-1.4625,0.000117673
-1.425,6.02506e-05
-1.3875,5.35063e-05
-1.35,0.000134483
-1.3125,0.000231856
-1.275,0.000276666
-1.2375,0.000253936
-1.2,0.000191452
-1.1625,0.000129433
-1.125,8.95813e-05
-1.0875,7.965e-05
-1.05,9.48485e-05
-1.0125,0.000117712
-0.975,0.000142483
-0.9375,0.000165488
-0.9,0.000168471
-0.8625,0.000144673
-0.825,0.000102635
-0.7875,5.33514e-05
-0.75,3.21559e-05
-0.7125,8.34871e-05
-0.675,0.000175756
-0.6375,0.000201867
-0.6,0.000135951
-0.5625,9.36379e-05
-0.525,0.000132434
-0.4875,0.000143717
-0.45,8.62456e-05
-0.4125,7.11921e-05
-0.375,9.65321e-05
-0.3375,8.45723e-05
-0.3,9.88105e-05
-0.2625,0.000140676
-0.225,0.000147015
-0.1875,0.000255199
-0.15,0.000722084
-0.1125,0.00218726
-0.075,0.00528681
-0.0375,0.0084929
0.0,0.00867982
0.0375,0.00564417
0.075,0.00263847
0.1125,0.00176348
0.15,0.00242176
0.1875,0.00323197
0.225,0.00292407
0.2625,0.00143017
0.3,0.000438225
0.3375,0.000817845
0.375,0.0012781
0.4125,0.000884851
0.45,0.000282183
0.4875,6.8561e-05
0.525,0.000112261
0.5625,0.000190939
0.6,0.000211562
0.6375,0.00017338
0.675,0.0001469
0.7125,0.000144813
0.75,0.000133046
0.7875,0.000113852
0.825,0.000106212
0.8625,0.000117374
0.9,0.00012304
0.9375,9.40371e-05
0.975,6.17177e-05
1.0125,6.57104e-05
1.05,7.81859e-05
1.0875,6.98427e-05
1.125,6.38002e-05
1.1625,8.29942e-05
1.2,0.000111101
1.2375,0.000109505
1.275,7.45281e-05
1.3125,4.87749e-05
1.35,4.09496e-05
1.3875,4.05611e-05
1.425,8.27791e-05
1.4625,0.000144074
1.5,0.000128093
1.5375,6.23692e-05
1.575,5.03007e-05
1.6125,5.96618e-05
1.65,4.23531e-05
1.6875,5.68692e-05
1.725,8.91258e-05
1.7625,7.21992e-05
1.8,5.04888e-05
1.8375,5.75554e-05
1.875,5.21964e-05
1.9125,4.04797e-05
1.95,4.09581e-05
1.9875,4.34318e-05
2.025,5.935e-05
2.0625,7.71559e-05
2.1,5.91508e-05
2.1375,2.72448e-05
2.175,3.14365e-05
2.2125,5.87988e-05
2.25,5.71845e-05
2.2875,3.14692e-05
2.325,4.36641e-05
2.3625,0.00010136
2.4,0.000138564
2.4375,0.000119547
2.475,7.29567e-05
2.5125,4.09351e-05
2.55,3.96432e-05
2.5875,5.20882e-05
2.625,5.84855e-05
2.6625,6.04971e-05
2.7,7.04122e-05
2.7375,9.61712e-05
2.775,0.00012609
2.8125,0.000137195
2.85,0.000123204
2.8875,9.2628e-05
2.925,6.10324e-05
2.9625,4.57365e-05
3.0,5.43574e-05
3.0375,9.63272e-05
3.075,0.00016278
3.1125,0.000186229
3.15,0.000121096
3.1875,3.91666e-05
3.225,2.4276e-05
3.2625,5.7314e-05
3.3,9.60976e-05
3.3375,0.000123093
3.375,0.00011156
3.4125,7.92983e-05
3.45,6.95398e-05
3.4875,6.10066e-05
3.525,3.83762e-05
3.5625,3.5682e-05
3.6,5.06554e-05
3.6375,6.19197e-05
3.675,7.53266e-05
3.7125,8.44389e-05
3.75,7.86592e-05
3.7875,6.81461e-05
3.825,5.30863e-05
3.8625,3.1564e-05
3.9,2.21737e-05
3.9375,3.08065e-05
3.975,4.12214e-05
4.0125,4.12368e-05
4.05,3.66373e-05
4.0875,5.61161e-05
4.125,9.71873e-05
4.1625,0.000101079
4.2,6.02473e-05
4.2375,3.26257e-05
4.275,3.29687e-05
4.3125,4.56179e-05
4.35,6.3078e-05
4.3875,6.66467e-05
4.425,6.07021e-05
4.4625,5.98892e-05
4.5,4.53403e-05
4.5375,2.10755e-05
4.575,2.33792e-05
4.6125,5.06859e-05
4.65,7.26907e-05
4.6875,8.30359e-05
4.725,9.42786e-05
4.7625,9.78073e-05
4.8,8.27329e-05
4.8375,8.23047e-05
4.875,0.000114584
4.9125,0.000137204
4.95,0.000130565
4.9875,0.000113571
5.025,8.5187e-05
5.0625,5.48005e-05
5.1,5.46288e-05
5.1375,7.75004e-05
5.175,9.16408e-05
5.2125,0.000103988
5.25,0.000134265
5.2875,0.000157377
5.325,0.000137615
5.3625,9.7459e-05
5.4,8.0137e-05
5.4375,7.43241e-05
5.475,5.73525e-05
5.5125,5.33226e-05
5.55,7.70895e-05
5.5875,8.99221e-05
5.625,6.19638e-05
5.6625,2.93833e-05
5.7,3.19522e-05
5.7375,4.06241e-05
5.775,2.95372e-05
5.8125,3.46182e-05
5.85,6.3194e-05
5.8875,7.11341e-05
5.925,5.63242e-05
5.9625,4.7773e-05
6.0,3.98017e-05
6.0375,2.61511e-05
6.075,2.78845e-05
6.1125,5.12729e-05
6.15,7.24665e-05
6.1875,6.53693e-05
6.225,3.74088e-05
6.2625,3.26115e-05
6.3,6.65919e-05
6.3375,9.25672e-05
6.375,7.78569e-05
6.4125,5.03647e-05
6.45,3.5893e-05
6.4875,2.89011e-05
6.525,2.90958e-05
6.5625,4.12387e-05
6.6,6.71375e-05
6.6375,0.000110586
6.675,0.000143386
6.7125,0.000122718
6.75,7.83839e-05
6.7875,8.53549e-05
6.825,0.000152249
6.8625,0.000218645
6.9,0.000221764
6.9375,0.000148309
6.975,6.75854e-05
7.0125,6.0099e-05
7.05,9.87965e-05
7.0875,9.95159e-05
7.125,6.18044e-05
7.1625,4.73498e-05
7.2,6.03178e-05
7.2375,5.32106e-05
7.275,2.75298e-05
7.3125,3.12357e-05
7.35,6.16616e-05
7.3875,7.80438e-05
7.425,8.906e-05
7.4625,0.000113935
7.5,0.000122823
7.5375,0.000100529
7.575,7.3786e-05
7.6125,5.80782e-05
7.65,5.93808e-05
7.6875,7.93359e-05
7.725,8.803e-05
7.7625,6.48603e-05
7.8,3.54979e-05
7.8375,2.52276e-05
7.875,3.12133e-05
7.9125,3.69982e-05
7.95,3.68559e-05
7.9875,4.45416e-05
8.025,4.99469e-05
8.0625,3.54281e-05
8.1,3.07505e-05
8.1375,4.64799e-05
8.175,4.85474e-05
8.2125,4.34081e-05
8.25,5.13703e-05
8.2875,5.11377e-05
8.325,4.50764e-05
8.3625,6.5788e-05
8.4,8.77576e-05
8.4375,6.68098e-05
8.475,3.90542e-05
8.5125,4.47393e-05
8.55,5.57315e-05
8.5875,6.25938e-05
8.625,7.74017e-05
8.6625,7.37796e-05
8.7,4.76039e-05
8.7375,3.42461e-05
8.775,4.40232e-05
8.8125,6.67385e-05
8.85,8.97462e-05
8.8875,9.44871e-05
8.925,7.60762e-05
8.9625,4.93436e-05
9.0,3.40647e-05
9.0375,3.71202e-05
9.075,4.53343e-05
9.1125,4.90378e-05
9.15,6.21608e-05
9.1875,9.91374e-05
9.225,0.000135352
9.2625,0.000128907
9.3,9.28448e-05
9.3375,8.68033e-05
9.375,0.000126063
9.4125,0.000153804
9.45,0.000122368
9.4875,6.4803e-05
9.525,3.82985e-05
9.5625,3.63381e-05
9.6,3.29201e-05
9.6375,5.33995e-05
9.675,0.000113639
9.7125,0.000163713
9.75,0.00016352
9.7875,0.00013329
9.825,0.000101549
9.8625,7.5123e-05
9.9,5.23989e-05
9.9375,3.73568e-05
9.975,3.83313e-05
10.0125,4.01926e-05
10.05,2.62672e-05
10.0875,2.01153e-05
10.125,3.79442e-05
10.1625,6.3037e-05
10.2,8.18443e-05
10.2375,8.23254e-05
10.275,6.98692e-05
10.3125,7.4698e-05
10.35,0.000112787
10.3875,0.000188739
10.425,0.000248141
10.4625,0.000181907
10.5,7.06177e-05
10.5375,0.000148266
10.575,0.000348314
10.6125,0.000359289
10.65,0.000171496
10.6875,4.09831e-05
10.725,3.79537e-05
10.7625,6.49361e-05
10.8,9.15262e-05
10.8375,0.000110222
10.875,9.14708e-05
10.9125,5.91338e-05
10.95,4.66623e-05
10.9875,3.99729e-05
11.025,3.76269e-05
11.0625,5.13354e-05
11.1,6.20923e-05
11.1375,6.64381e-05
11.175,9.05499e-05
11.2125,0.000129653
11.25,0.000151178
11.2875,0.00014072
11.325,0.000107798
11.3625,7.35281e-05
11.4,5.22175e-05
11.4375,3.56562e-05
11.475,1.93926e-05
11.5125,2.42096e-05
11.55,5.25605e-05
11.5875,7.26214e-05
11.625,7.23353e-05
11.6625,6.37953e-05
11.7,4.88351e-05
11.7375,3.63895e-05
11.775,4.55192e-05
11.8125,6.57779e-05
11.85,6.5355e-05
11.8875,4.37726e-05
11.925,3.48229e-05
11.9625,4.83973e-05
12.0,5.91636e-05
12.0375,6.03207e-05
12.075,6.07347e-05
12.1125,5.22809e-05
12.15,4.15345e-05
12.1875,5.40581e-05
12.225,8.68895e-05
12.2625,0.000115663
12.3,0.000124243
12.3375,0.000105717
12.375,7.3039e-05
12.4125,5.45578e-05
12.45,5.23701e-05
12.4875,4.02337e-05
12.525,2.07274e-05
12.5625,2.37452e-05
12.6,3.7977e-05
12.6375,3.82749e-05
12.675,5.28211e-05
12.7125,9.79506e-05
12.75,0.00012795
12.7875,0.000113794
12.825,7.7735e-05
12.8625,5.01775e-05
12.9,4.16086e-05
12.9375,3.83627e-05
12.975,3.27783e-05
13.0125,3.66451e-05
13.05,4.84275e-05
13.0875,5.51172e-05
13.125,5.0528e-05
13.1625,3.92528e-05
13.2,4.94668e-05
13.2375,9.62127e-05
13.275,0.00013701
13.3125,0.000131865
13.35,0.000107843
13.3875,0.00010309
13.425,0.000106254
13.4625,0.000102657
13.5,0.000101056
13.5375,9.30805e-05
13.575,6.9957e-05
13.6125,4.7739e-05
13.65,3.73019e-05
13.6875,4.26057e-05
13.725,5.54258e-05
13.7625,5.00584e-05
13.8,3.79201e-05
13.8375,4.59433e-05
13.875,4.80766e-05
13.9125,2.96105e-05
13.95,2.52512e-05
13.9875,3.553e-05
14.025,3.4154e-05
14.0625,3.35281e-05
14.1,4.77283e-05
14.1375,6.19843e-05
14.175,7.2689e-05
14.2125,8.27992e-05
14.25,7.54637e-05
14.2875,5.1022e-05
14.325,3.76537e-05
14.3625,3.65194e-05
14.4,2.90981e-05
14.4375,2.79259e-05
14.475,4.91706e-05
14.5125,6.86098e-05
14.55,5.74082e-05
14.5875,3.23785e-05
14.625,2.69237e-05
14.6625,4.49573e-05
14.7,7.9033e-05
14.7375,0.000108971
14.775,9.61884e-05
14.8125,5.56108e-05
14.85,4.33565e-05
14.8875,5.39254e-05
14.925,5.22796e-05
14.9625,4.83208e-05
15.0,5.76865e-05
15.0375,6.75862e-05
15.075,5.78967e-05
15.1125,2.90561e-05
15.15,1.51522e-05
15.1875,3.14618e-05
15.225,4.17202e-05
15.2625,3.50007e-05
15.3,4.56735e-05
15.3375,7.52308e-05
15.375,9.60062e-05
15.4125,9.58461e-05
15.45,7.00303e-05
15.4875,3.9619e-05
15.525,4.51512e-05
15.5625,7.2214e-05
15.6,7.20386e-05
15.6375,5.22381e-05
15.675,5.79083e-05
15.7125,9.14264e-05
15.75,0.000106256
15.7875,7.97024e-05
15.825,5.03025e-05
15.8625,4.8462e-05
15.9,5.61235e-05
15.9375,5.57708e-05
15.975,4.33017e-05
16.0125,3.14214e-05
16.05,5.93941e-05
16.0875,0.000113914
16.125,0.000117491
16.1625,6.47808e-05
16.2,2.74847e-05
16.2375,2.37285e-05
16.275,2.58354e-05
16.3125,3.21881e-05
16.35,4.72471e-05
16.3875,6.3858e-05
16.425,6.977e-05
16.4625,5.48576e-05
16.5,3.91795e-05
16.5375,4.13576e-05
16.575,4.17175e-05
16.6125,4.06833e-05
16.65,5.72143e-05
16.6875,6.75648e-05
16.725,5.4428e-05
16.7625,4.45742e-05
16.8,4.70784e-05
16.8375,4.36013e-05
16.875,3.10831e-05
16.9125,2.23408e-05
16.95,2.24929e-05
16.9875,2.49684e-05
17.025,3.54328e-05
17.0625,7.25981e-05
17.1,0.000125983
17.1375,0.000148528
17.175,0.000109696
17.2125,4.3619e-05
17.25,1.51552e-05
17.2875,2.63661e-05
17.325,3.01984e-05
17.3625,2.64757e-05
17.4,3.11873e-05
17.4375,2.68993e-05
17.475,2.58314e-05
17.5125,5.31787e-05
17.55,7.81006e-05
17.5875,7.19838e-05
17.625,5.43122e-05
17.6625,4.29967e-05
17.7,3.70325e-05
17.7375,3.46322e-05
17.775,3.6809e-05
17.8125,4.2823e-05
17.85,4.85058e-05
17.8875,5.67542e-05
17.925,7.24371e-05
17.9625,9.03949e-05
18.0,0.000103456
18.0375,9.87574e-05
18.075,7.25658e-05
18.1125,5.5397e-05
18.15,6.302e-05
18.1875,7.0475e-05
18.225,7.87103e-05
18.2625,0.000108028
18.3,0.000127205
18.3375,0.0001098
18.375,9.71336e-05
18.4125,0.000101147
18.45,8.68017e-05
18.4875,7.66281e-05
18.525,9.09241e-05
18.5625,8.47913e-05
18.6,5.14319e-05
18.6375,3.44457e-05
18.675,7.01703e-05
18.7125,0.000154521
18.75,0.000197195
18.7875,0.000138841
18.825,6.62282e-05
18.8625,5.48378e-05
18.9,6.82657e-05
18.9375,7.3034e-05
18.975,7.8149e-05
19.0125,7.95668e-05
19.05,7.06754e-05
19.0875,6.40814e-05
19.125,6.06492e-05
19.1625,5.17346e-05
19.2,4.09797e-05
19.2375,2.76055e-05
19.275,1.85888e-05
19.3125,2.86183e-05
19.35,4.08469e-05
19.3875,4.20291e-05
19.425,4.77839e-05
19.4625,5.61256e-05
19.5,5.53702e-05
19.5375,5.00183e-05
19.575,5.05619e-05
19.6125,5.9494e-05
19.65,5.94719e-05
19.6875,4.84006e-05
19.725,4.62038e-05
19.7625,4.36437e-05
19.8,3.91583e-05
19.8375,6.41427e-05
19.875,0.000104369
19.9125,0.000107186
19.95,7.14688e-05
19.9875,5.06128e-05
20.025,6.79883e-05
20.0625,7.96161e-05
20.1,5.33446e-05
20.1375,2.08062e-05
20.175,1.72284e-05
20.2125,4.32537e-05
20.25,8.44281e-05
20.2875,0.000116436
20.325,0.000116238
20.3625,8.82056e-05
20.4,5.87698e-05
20.4375,5.2822e-05
20.475,6.90363e-05
20.5125,7.02768e-05
20.55,4.89091e-05
20.5875,5.14296e-05
20.625,6.92595e-05
20.6625,5.53827e-05
20.7,5.69115e-05
20.7375,0.00011667
20.775,0.000154943
20.8125,0.000123529
20.85,8.03215e-05
20.8875,6.05564e-05
20.925,5.55694e-05
20.9625,6.20198e-05
21.0,6.80838e-05
21.0375,6.625e-05
21.075,6.60798e-05
21.1125,6.8396e-05
21.15,7.28311e-05
21.1875,8.30458e-05
21.225,8.71836e-05
21.2625,8.48107e-05
21.3,0.000103859
21.3375,0.000140744
21.375,0.000147679
21.4125,0.000114481
21.45,8.28802e-05
21.4875,7.18038e-05
21.525,6.77263e-05
21.5625,6.55067e-05
21.6,6.15333e-05
21.6375,5.21229e-05
21.675,5.6581e-05
21.7125,8.52183e-05
21.75,0.000101512
21.7875,7.89754e-05
21.825,5.90295e-05
21.8625,8.5913e-05
21.9,0.000133473
21.9375,0.000150548
21.975,0.000123328
22.0125,7.30924e-05
22.05,3.5544e-05
22.0875,3.21094e-05
22.125,4.85616e-05
22.1625,5.83794e-05
22.2,5.66378e-05
22.2375,6.00394e-05
22.275,7.9841e-05
22.3125,9.77736e-05
22.35,8.88705e-05
22.3875,7.20101e-05
22.425,8.09346e-05
22.4625,8.8309e-05
22.5,5.68258e-05
22.5375,2.76362e-05
22.575,3.88109e-05
22.6125,5.63418e-05
22.65,6.41369e-05
22.6875,7.50877e-05
22.725,7.62195e-05
22.7625,7.09126e-05
22.8,7.46919e-05
22.8375,7.95521e-05
22.875,8.49261e-05
22.9125,8.02339e-05
22.95,5.30124e-05
22.9875,3.80957e-05
23.025,4.87339e-05
23.0625,5.03764e-05
23.1,4.31079e-05
23.1375,4.56921e-05
23.175,4.94204e-05
23.2125,4.93233e-05
23.25,5.12947e-05
23.2875,5.72154e-05
23.325,7.16981e-05
23.3625,8.4487e-05
23.4,7.36635e-05
23.4375,6.06263e-05
23.475,8.62985e-05
23.5125,0.000132286
23.55,0.000149542
23.5875,0.000127994
23.625,9.3881e-05
23.6625,7.04272e-05
23.7,5.36782e-05
23.7375,4.32675e-05
23.775,6.05657e-05
23.8125,8.93471e-05
23.85,8.50351e-05
23.8875,5.90692e-05
23.925,4.78975e-05
23.9625,4.45464e-05
24.0,3.99148e-05
24.0375,5.13837e-05
24.075,7.66664e-05
24.1125,8.81824e-05
24.15,7.54824e-05
24.1875,5.24903e-05
24.225,3.45771e-05
24.2625,2.93924e-05
24.3,3.81019e-05
24.3375,5.64098e-05
24.375,7.13143e-05
24.4125,6.86171e-05
24.45,6.1371e-05
24.4875,7.18461e-05
24.525,8.06334e-05
24.5625,6.33534e-05
24.6,4.62351e-05
24.6375,5.59757e-05
24.675,7.00798e-05
24.7125,6.15224e-05
24.75,4.50608e-05
24.7875,4.99125e-05
24.825,7.22943e-05
24.8625,7.99099e-05
24.9,5.40478e-05
24.9375,1.98524e-05
24.975,1.91047e-05
25.0125,4.38513e-05
25.05,5.5688e-05
25.0875,5.46357e-05
25.125,4.99559e-05
25.1625,3.50019e-05
25.2,3.00369e-05
25.2375,5.29188e-05
25.275,7.82782e-05
25.3125,8.83799e-05
25.35,9.41858e-05
25.3875,9.63645e-05
25.425,8.37569e-05
25.4625,5.98686e-05
25.5,4.63877e-05
25.5375,5.68581e-05
25.575,7.39244e-05
25.6125,7.21079e-05
25.65,5.23091e-05
25.6875,3.54185e-05
25.725,3.6107e-05
25.7625,5.07584e-05
25.8,6.44554e-05
25.8375,6.85523e-05
25.875,6.46519e-05
25.9125,5.58934e-05
25.95,5.10539e-05
25.9875,5.89747e-05
26.025,6.59814e-05
26.0625,5.34931e-05
26.1,3.30794e-05
26.1375,2.61799e-05
26.175,3.55848e-05
26.2125,6.11539e-05
26.25,0.000101655
26.2875,0.000135388
26.325,0.000141736
26.3625,0.000130176
26.4,0.000119093
26.4375,0.000105828
26.475,7.80009e-05
26.5125,4.82529e-05
26.55,4.31468e-05
26.5875,5.13205e-05
26.625,4.76615e-05
26.6625,4.94208e-05
26.7,6.6857e-05
26.7375,6.93893e-05
26.775,5.86465e-05
26.8125,7.07325e-05
26.85,9.89555e-05
26.8875,0.000107127
26.925,8.75109e-05
26.9625,6.45185e-05
27.0,7.44087e-05
27.0375,0.000120922
27.075,0.000149419
27.1125,0.000118371
27.15,6.49154e-05
27.1875,5.0246e-05
27.225,7.22935e-05
27.2625,7.79469e-05
27.3,5.57696e-05
27.3375,4.55121e-05
27.375,5.6232e-05
27.4125,6.54682e-05
27.45,6.30247e-05
27.4875,4.4832e-05
27.525,2.55964e-05
27.5625,3.5098e-05
27.6,7.12453e-05
27.6375,9.84876e-05
27.675,8.31865e-05
27.7125,4.18704e-05
27.75,3.01097e-05
27.7875,4.10964e-05
27.825,3.47646e-05
27.8625,4.35686e-05
27.9,8.57998e-05
27.9375,0.000104848
27.975,8.26431e-05
28.0125,5.38575e-05
28.05,3.68093e-05
28.0875,3.64716e-05
28.125,5.31169e-05
28.1625,7.87257e-05
28.2,9.9506e-05
28.2375,0.000106213
28.275,0.000107065
28.3125,0.000104546
28.35,9.20512e-05
28.3875,7.80655e-05
28.425,6.54557e-05
28.4625,4.76333e-05
28.5,3.97428e-05
28.5375,5.56641e-05
28.575,7.032e-05
28.6125,5.6006e-05
28.65,2.93008e-05
28.6875,2.42132e-05
28.725,5.38691e-05
28.7625,9.75142e-05
28.8,0.000104961
28.8375,6.74181e-05
28.875,4.02398e-05
28.9125,4.12119e-05
28.95,3.747e-05
28.9875,2.38822e-05
29.025,1.32475e-05
29.0625,1.26602e-05
29.1,3.15756e-05
29.1375,6.47026e-05
29.175,9.65171e-05
29.2125,0.000108317
29.25,7.79558e-05
29.2875,3.14184e-05
29.325,3.0729e-05
29.3625,6.31806e-05
29.4,6.22458e-05
29.4375,3.60786e-05
29.475,3.44316e-05
29.5125,4.41635e-05
29.55,3.62444e-05
29.5875,2.51245e-05
29.625,2.83458e-05
29.6625,5.09328e-05
29.7,8.03966e-05
29.7375,8.27724e-05
29.775,6.54209e-05
29.8125,6.85941e-05
29.85,8.66134e-05
29.8875,9.01171e-05
29.925,7.06172e-05
29.9625,4.28918e-05
30.0,3.4277e-05
30.0375,3.58972e-05
30.075,2.52196e-05
30.1125,2.93011e-05
30.15,5.82665e-05
30.1875,6.85128e-05
30.225,4.97517e-05
30.2625,3.42008e-05
30.3,4.4747e-05
30.3375,8.6397e-05
30.375,0.000128867
30.4125,0.00012592
30.45,8.49421e-05
30.4875,5.21301e-05
30.525,4.24896e-05
30.5625,4.09127e-05
30.6,3.80076e-05
30.6375,3.63897e-05
30.675,4.247e-05
30.7125,5.47972e-05
30.75,6.58602e-05
30.7875,7.46352e-05
30.825,7.60213e-05
30.8625,6.36787e-05
30.9,5.3546e-05
30.9375,5.84818e-05
30.975,6.24474e-05
31.0125,5.29209e-05
31.05,3.90314e-05
31.0875,3.42308e-05
31.125,4.29411e-05
31.1625,5.68181e-05
31.2,6.08556e-05
31.2375,4.6515e-05
31.275,2.84042e-05
31.3125,3.12458e-05
31.35,4.69659e-05
31.3875,5.05294e-05
31.425,5.04301e-05
31.4625,6.45249e-05
31.5,7.72304e-05
31.5375,6.84517e-05
31.575,5.02954e-05
31.6125,4.3881e-05
31.65,4.50168e-05
31.6875,3.98149e-05
31.725,3.78149e-05
31.7625,5.32093e-05
31.8,6.67163e-05
31.8375,5.24378e-05
31.875,2.51742e-05
31.9125,1.62426e-05
31.95,2.72674e-05
31.9875,3.78237e-05
32.025,3.39356e-05
32.0625,3.09646e-05
32.1,6.64211e-05
32.1375,0.000125987
32.175,0.000139059
32.2125,0.000102482
32.25,8.34061e-05
32.2875,9.05095e-05
32.325,7.97208e-05
32.3625,4.9292e-05
32.4,3.65051e-05
32.4375,4.49078e-05
32.475,4.12012e-05
32.5125,4.33574e-05
32.55,0.00010035
32.5875,0.000166537
32.625,0.000157973
32.6625,9.26443e-05
32.7,3.88253e-05
32.7375,1.779e-05
32.775,1.96694e-05
32.8125,3.16212e-05
32.85,4.35996e-05
32.8875,5.65835e-05
32.925,6.94237e-05
32.9625,7.30169e-05
33.0,7.2886e-05
33.0375,7.95858e-05
33.075,7.844e-05
33.1125,5.64473e-05
33.15,3.68664e-05
33.1875,4.34265e-05
33.225,6.20879e-05
33.2625,6.59973e-05
33.3,5.51859e-05
33.3375,5.37097e-05
33.375,7.00599e-05
33.4125,9.12147e-05
33.45,0.000115926
33.4875,0.000134744
33.525,0.000117712
33.5625,8.1097e-05
33.6,6.99067e-05
33.6375,7.25366e-05
33.675,5.59379e-05
33.7125,2.72822e-05
33.75,1.38584e-05
33.7875,2.77888e-05
33.825,4.67756e-05
33.8625,4.45698e-05
33.9,3.44837e-05
33.9375,4.1524e-05
33.975,6.92526e-05
34.0125,0.000100595
34.05,0.000103125
34.0875,7.09534e-05
34.125,3.80237e-05
34.1625,2.42717e-05
34.2,3.18125e-05
34.2375,5.74705e-05
34.275,7.5394e-05
34.3125,8.1748e-05
34.35,0.000105474
34.3875,0.000141171
34.425,0.000163374
34.4625,0.00016055
34.5,0.000122571
34.5375,7.0649e-05
34.575,4.69052e-05
34.6125,5.34701e-05
34.65,6.73388e-05
34.6875,8.01204e-05
34.725,0.000110082
34.7625,0.000176967
34.8,0.000239176
34.8375,0.000229132
34.875,0.000155534
34.9125,8.20839e-05
34.95,4.61846e-05
34.9875,4.13629e-05
35.025,3.71127e-05
35.0625,2.23115e-05
35.1,2.27935e-05
35.1375,4.46304e-05
35.175,5.05495e-05
35.2125,2.76931e-05
35.25,1.34433e-05
35.2875,2.4538e-05
35.325,3.61972e-05
35.3625,4.0044e-05
35.4,3.78731e-05
35.4375,2.29703e-05
35.475,2.2524e-05
35.5125,5.59899e-05
35.55,7.97337e-05
35.5875,7.47633e-05
35.625,7.4123e-05
35.6625,7.51391e-05
35.7,6.07014e-05
35.7375,4.97306e-05
35.775,5.32556e-05
35.8125,6.02219e-05
35.85,5.70157e-05
35.8875,3.64034e-05
35.925,2.14977e-05
35.9625,3.83555e-05
36.0,6.50489e-05
36.0375,7.20911e-05
36.075,7.02415e-05
36.1125,6.75568e-05
36.15,5.21784e-05
36.1875,3.7674e-05
36.225,4.0828e-05
36.2625,4.63587e-05
36.3,4.62335e-05
36.3375,4.64895e-05
36.375,4.93534e-05
36.4125,6.22213e-05
36.45,7.62311e-05
36.4875,7.10703e-05
36.525,5.68514e-05
36.5625,5.29851e-05
36.6,5.08817e-05
36.6375,3.58856e-05
36.675,2.39861e-05
36.7125,3.91611e-05
36.75,6.12893e-05
36.7875,5.80265e-05
36.825,4.44834e-05
36.8625,4.99638e-05
36.9,6.73906e-05
36.9375,6.84798e-05
36.975,5.18744e-05
37.0125,4.47598e-05
37.05,4.47186e-05
37.0875,3.42658e-05
37.125,3.55448e-05
37.1625,5.62541e-05
37.2,6.1225e-05
37.2375,4.23445e-05
37.275,2.57887e-05
37.3125,3.27006e-05
37.35,6.5775e-05
37.3875,9.77021e-05
37.425,9.71334e-05
37.4625,7.006e-05
37.5,4.65338e-05
37.5375,4.40263e-05
37.575,5.12445e-05
37.6125,5.46843e-05
37.65,7.39079e-05
37.6875,0.000118605
37.725,0.00014631
37.7625,0.000136791
37.8,0.000135455
37.8375,0.000159331
37.875,0.000162475
37.9125,0.000131307
37.95,0.000100542
37.9875,7.63382e-05
38.025,4.83704e-05
38.0625,3.43083e-05
38.1,3.84241e-05
38.1375,3.97687e-05
38.175,4.5496e-05
38.2125,7.01458e-05
38.25,8.73254e-05
38.2875,7.95622e-05
38.325,7.59522e-05
38.3625,8.86969e-05
38.4,8.83418e-05
38.4375,6.25265e-05
38.475,3.85654e-05
38.5125,4.25497e-05
38.55,5.57719e-05
38.5875,4.58352e-05
38.625,3.97683e-05
38.6625,6.55799e-05
38.7,7.0678e-05
38.7375,3.29376e-05
38.775,2.65161e-05
38.8125,8.97814e-05
38.85,0.000158447
38.8875,0.000153966
38.925,9.2756e-05
38.9625,6.13953e-05
39.0,7.2562e-05
39.0375,7.2907e-05
39.075,5.76256e-05
39.1125,4.91984e-05
39.15,5.56177e-05
39.1875,7.33246e-05
39.225,8.01888e-05
39.2625,6.61863e-05
39.3,4.17712e-05
39.3375,2.6149e-05
39.375,4.69442e-05
39.4125,8.68751e-05
39.45,9.55452e-05
39.4875,7.49846e-05
39.525,5.30099e-05
39.5625,3.19061e-05
39.6,2.06591e-05
39.6375,3.32563e-05
39.675,4.70395e-05
39.7125,3.81641e-05
39.75,3.54265e-05
39.7875,5.87856e-05
39.825,7.77186e-05
39.8625,8.51098e-05
39.9,9.18089e-05
39.9375,7.9424e-05
39.975,5.29561e-05
40.0125,4.95344e-05
40.05,7.62667e-05
40.0875,9.63471e-05
40.125,7.67537e-05
40.1625,4.13538e-05
40.2,2.64079e-05
40.2375,2.07168e-05
40.275,1.82188e-05
40.3125,3.03398e-05
40.35,3.8704e-05
40.3875,3.39021e-05
40.425,3.73627e-05
40.4625,4.90932e-05
40.5,5.21788e-05
40.5375,5.2305e-05
40.575,6.26079e-05
40.6125,8.10489e-05
40.65,9.59199e-05
40.6875,8.94427e-05
40.725,6.27551e-05
40.7625,5.0703e-05
40.8,6.39058e-05
40.8375,7.53557e-05
40.875,7.91216e-05
40.9125,7.81428e-05
40.95,6.73201e-05
40.9875,6.40176e-05
41.025,7.30858e-05
41.0625,7.42932e-05
41.1,7.44529e-05
41.1375,8.33013e-05
41.175,8.90791e-05
41.2125,9.21587e-05
41.25,8.94754e-05
41.2875,7.018e-05
41.325,5.11358e-05
41.3625,5.21336e-05
41.4,6.19886e-05
41.4375,6.42555e-05
41.475,6.26052e-05
41.5125,6.70246e-05
41.55,7.56052e-05
41.5875,7.84638e-05
41.625,6.6629e-05
41.6625,4.18323e-05
41.7,2.5061e-05
41.7375,3.22376e-05
41.775,4.50679e-05
41.8125,3.93948e-05
41.85,2.83395e-05
